geography_id,city,state,country,region
GEO000001,Mumbai,Maharashtra,India,West
GEO000002,Pune,Maharashtra,India,West
GEO000003,Nagpur,Maharashtra,India,West
GEO000004,Nashik,Maharashtra,India,West
GEO000005,Bengaluru,Karnataka,India,South
GEO000006,Mysuru,Karnataka,India,South
GEO000007,Mangaluru,Karnataka,India,South
GEO000008,Chennai,Tamil Nadu,India,South
GEO000009,Coimbatore,Tamil Nadu,India,South
GEO000010,Madurai,Tamil Nadu,India,South
GEO000011,Salem,Tamil Nadu,India,South
GEO000012,New Delhi,Delhi,India,North
GEO000013,Hyderabad,Telangana,India,South
GEO000014,Warangal,Telangana,India,South
GEO000015,Ahmedabad,Gujarat,India,West
GEO000016,Surat,Gujarat,India,West
GEO000017,Vadodara,Gujarat,India,West
GEO000018,Rajkot,Gujarat,India,West
GEO000019,Kolkata,West Bengal,India,East
GEO000020,Siliguri,West Bengal,India,East
GEO000021,Lucknow,Uttar Pradesh,India,North
GEO000022,Kanpur,Uttar Pradesh,India,North
GEO000023,Noida,Uttar Pradesh,India,North
GEO000024,Varanasi,Uttar Pradesh,India,North
GEO000025,Agra,Uttar Pradesh,India,North
GEO000026,Jaipur,Rajasthan,India,North
GEO000027,Jodhpur,Rajasthan,India,North
GEO000028,Udaipur,Rajasthan,India,North
GEO000029,Indore,Madhya Pradesh,India,Central
GEO000030,Bhopal,Madhya Pradesh,India,Central
GEO000031,Gwalior,Madhya Pradesh,India,Central
GEO000032,Patna,Bihar,India,East
GEO000033,Gaya,Bihar,India,East
GEO000034,Ludhiana,Punjab,India,North
GEO000035,Amritsar,Punjab,India,North
GEO000036,Jalandhar,Punjab,India,North
GEO000037,Gurugram,Haryana,India,North
GEO000038,Faridabad,Haryana,India,North
GEO000039,Panipat,Haryana,India,North
GEO000040,Kochi,Kerala,India,South
GEO000041,Thiruvananthapuram,Kerala,India,South
GEO000042,Kozhikode,Kerala,India,South
GEO000043,Bhubaneswar,Odisha,India,East
GEO000044,Cuttack,Odisha,India,East
GEO000045,Visakhapatnam,Andhra Pradesh,India,South
GEO000046,Vijayawada,Andhra Pradesh,India,South
GEO000047,Guwahati,Assam,India,North East
GEO000048,Dibrugarh,Assam,India,North East
GEO000049,Ranchi,Jharkhand,India,East
GEO000050,Jamshedpur,Jharkhand,India,East
GEO000051,Raipur,Chhattisgarh,India,Central
GEO000052,Bilaspur,Chhattisgarh,India,Central
GEO000053,Dehradun,Uttarakhand,India,North
GEO000054,Haridwar,Uttarakhand,India,North
GEO000055,Shimla,Himachal Pradesh,India,North
GEO000056,Panaji,Goa,India,West
GEO000057,Srinagar,Jammu & Kashmir,India,North
GEO000058,Jammu,Jammu & Kashmir,India,North
GEO000059,Shillong,Meghalaya,India,North East
