GeoId,Country,State,City,Pincode,RegionName,RegionKey
1,India,Delhi,New Delhi,110010,North,1
2,India,Delhi,New Delhi,110043,North,1
3,India,Uttar Pradesh,Noida,201332,North,1
4,India,Uttar Pradesh,Noida,201318,North,1
5,India,Haryana,Gurugram,122019,North,1
6,India,Haryana,Gurugram,122060,North,1
7,India,Punjab,Chandigarh,160001,North,1
8,India,Punjab,Chandigarh,160033,North,1
9,India,Rajasthan,Jaipur,302089,North,1
10,India,Rajasthan,Jaipur,302008,North,1
11,India,Karnataka,Bengaluru,560038,South,2
12,India,Karnataka,Bengaluru,560063,South,2
13,India,Tamil Nadu,Chennai,600079,South,2
14,India,Tamil Nadu,Chennai,600040,South,2
15,India,Telangana,Hyderabad,500026,South,2
16,India,Telangana,Hyderabad,500054,South,2
17,India,Kerala,Kochi,682023,South,2
18,India,Kerala,Kochi,682051,South,2
19,India,Andhra Pradesh,Visakhapatnam,530016,South,2
20,India,Andhra Pradesh,Visakhapatnam,530015,South,2
21,India,Maharashtra,Mumbai,400059,West,3
22,India,Maharashtra,Mumbai,400040,West,3
23,India,Maharashtra,Pune,411078,West,3
24,India,Maharashtra,Pune,411016,West,3
25,India,Gujarat,Ahmedabad,380018,West,3
26,India,Gujarat,Ahmedabad,380049,West,3
27,India,Goa,Panaji,403059,West,3
28,India,Goa,Panaji,403031,West,3
29,India,West Bengal,Kolkata,700003,East,4
30,India,West Bengal,Kolkata,700041,East,4
31,India,Odisha,Bhubaneswar,751031,East,4
32,India,Odisha,Bhubaneswar,751064,East,4
33,India,Bihar,Patna,800075,East,4
34,India,Bihar,Patna,800025,East,4
35,India,Jharkhand,Ranchi,834053,East,4
36,India,Jharkhand,Ranchi,834041,East,4
37,India,Madhya Pradesh,Bhopal,462092,Central,5
38,India,Madhya Pradesh,Bhopal,462083,Central,5
39,India,Madhya Pradesh,Indore,452027,Central,5
40,India,Madhya Pradesh,Indore,452064,Central,5
41,India,Chhattisgarh,Raipur,492083,Central,5
42,India,Chhattisgarh,Raipur,492050,Central,5
43,India,Assam,Guwahati,781030,Northeast,6
44,India,Assam,Guwahati,781056,Northeast,6
45,India,Meghalaya,Shillong,793041,Northeast,6
46,India,Meghalaya,Shillong,793039,Northeast,6
47,India,Tripura,Agartala,799053,Northeast,6
48,India,Tripura,Agartala,799076,Northeast,6
