ListingId,VariantId,SellerId,ListingPriceINR,IsPrimeEligible,IsActive
1,1,14,940.41,1,1
2,2,1,446.88,1,1
3,3,13,48239.78,0,1
4,4,1,22025.1,1,1
5,5,13,287.94,1,1
6,5,18,270.96,1,1
7,6,11,527.07,0,1
8,6,16,586.38,0,1
9,7,17,432.73,0,1
10,8,19,2955.45,1,1
11,9,11,1357.24,1,1
12,9,12,1327.46,1,1
13,10,9,531.95,0,1
14,10,8,631.14,0,1
15,11,18,1786.4,0,1
16,12,1,240.07,1,1
17,13,12,23782.18,0,1
18,14,6,552.78,0,1
19,15,10,153.81,0,1
20,15,7,156.94,1,1
21,16,4,520.05,1,1
22,17,20,10971.21,1,1
23,17,12,11309.44,0,1
24,18,12,911.81,0,1
25,19,18,3462.48,1,1
26,19,16,3861.89,0,1
27,20,7,21545.48,0,1
28,21,13,6653.12,1,1
29,22,18,237.48,0,1
30,22,8,235.0,0,1
31,23,12,447.77,0,1
32,24,20,921.91,0,1
33,24,15,824.83,0,1
34,25,2,479.39,1,1
35,26,7,778.08,0,1
36,27,10,5810.83,0,1
37,27,1,6450.14,0,1
38,28,18,11839.75,0,1
39,29,12,1064.48,1,1
40,30,3,310.36,0,1
41,30,1,335.03,1,1
