product_family_code,product_family_name,sub_category_code
FAM_SMART,Smartphones,SUB_MOB
FAM_MOBACC,Mobile Accessories,SUB_MOB
FAM_LAP,Laptops,SUB_COMP
FAM_COMPACC,Computer Accessories,SUB_COMP
FAM_HEAD,Headphones,SUB_AUDIO
FAM_SPEAK,Speakers,SUB_AUDIO
FAM_MEN_TOP,Men Tops,SUB_MEN
FAM_MEN_BOT,Men Bottoms,SUB_MEN
FAM_WOM_TOP,Women Tops,SUB_WOM
FAM_WOM_DRS,Dresses,SUB_WOM
FAM_SHOES,Shoes,SUB_FOOT
FAM_SAND,Sandals,SUB_FOOT
FAM_COOK,Cookware,SUB_KITCH
FAM_STORAGE,Storage,SUB_KITCH
FAM_SOFA,Sofas,SUB_FURN
FAM_TABLE,Tables,SUB_FURN
FAM_WALL,Wall Decor,SUB_DECOR
FAM_LIGHT,Lighting,SUB_DECOR
FAM_FACE,Face Care,SUB_SKIN
FAM_BODY,Body Care,SUB_SKIN
FAM_SHAMP,Shampoo,SUB_HAIR
FAM_OIL,Hair Oil,SUB_HAIR
FAM_LIP,Lipstick,SUB_MAKE
FAM_FOUND,Foundation,SUB_MAKE
FAM_NOVEL,Novels,SUB_FIC
FAM_COMIC,Comics,SUB_FIC
FAM_EXAM,Exam Prep,SUB_EDU
FAM_KIDS,Kids Learning,SUB_EDU
FAM_CHIPS,Chips,SUB_SNACK
FAM_BISCU,Biscuits,SUB_SNACK
FAM_RICE,Rice,SUB_STAP
FAM_PULSES,Pulses,SUB_STAP
FAM_DUMB,Dumbbells,SUB_GYM
FAM_CARD,Cardio,SUB_GYM
FAM_CAMP,Camping,SUB_OUT
FAM_CYCLE,Cycling,SUB_OUT
FAM_FLOAD,Front Load,SUB_WASH
FAM_TOPLOAD,Top Load,SUB_WASH
FAM_SINGLE,Single Door,SUB_FRIDGE
FAM_DOUBLE,Double Door,SUB_FRIDGE
