product_type_code,product_type_name,product_family_code
PT00001,Smartphones Type 1,FAM_SMART
PT00002,Smartphones Type 2,FAM_SMART
PT00003,Mobile Accessories Type 1,FAM_MOBACC
PT00004,Mobile Accessories Type 2,FAM_MOBACC
PT00005,Laptops Type 1,FAM_LAP
PT00006,Laptops Type 2,FAM_LAP
PT00007,Computer Accessories Type 1,FAM_COMPACC
PT00008,Computer Accessories Type 2,FAM_COMPACC
PT00009,Headphones Type 1,FAM_HEAD
PT00010,Headphones Type 2,FAM_HEAD
PT00011,Speakers Type 1,FAM_SPEAK
PT00012,Speakers Type 2,FAM_SPEAK
PT00013,Men Tops Type 1,FAM_MEN_TOP
PT00014,Men Tops Type 2,FAM_MEN_TOP
PT00015,Men Bottoms Type 1,FAM_MEN_BOT
PT00016,Men Bottoms Type 2,FAM_MEN_BOT
PT00017,Women Tops Type 1,FAM_WOM_TOP
PT00018,Women Tops Type 2,FAM_WOM_TOP
PT00019,Dresses Type 1,FAM_WOM_DRS
PT00020,Dresses Type 2,FAM_WOM_DRS
PT00021,Shoes Type 1,FAM_SHOES
PT00022,Shoes Type 2,FAM_SHOES
PT00023,Sandals Type 1,FAM_SAND
PT00024,Sandals Type 2,FAM_SAND
PT00025,Cookware Type 1,FAM_COOK
PT00026,Cookware Type 2,FAM_COOK
PT00027,Storage Type 1,FAM_STORAGE
PT00028,Storage Type 2,FAM_STORAGE
PT00029,Sofas Type 1,FAM_SOFA
PT00030,Sofas Type 2,FAM_SOFA
PT00031,Tables Type 1,FAM_TABLE
PT00032,Tables Type 2,FAM_TABLE
PT00033,Wall Decor Type 1,FAM_WALL
PT00034,Wall Decor Type 2,FAM_WALL
PT00035,Lighting Type 1,FAM_LIGHT
PT00036,Lighting Type 2,FAM_LIGHT
PT00037,Face Care Type 1,FAM_FACE
PT00038,Face Care Type 2,FAM_FACE
PT00039,Body Care Type 1,FAM_BODY
PT00040,Body Care Type 2,FAM_BODY
PT00041,Shampoo Type 1,FAM_SHAMP
PT00042,Shampoo Type 2,FAM_SHAMP
PT00043,Hair Oil Type 1,FAM_OIL
PT00044,Hair Oil Type 2,FAM_OIL
PT00045,Lipstick Type 1,FAM_LIP
PT00046,Lipstick Type 2,FAM_LIP
PT00047,Foundation Type 1,FAM_FOUND
PT00048,Foundation Type 2,FAM_FOUND
PT00049,Novels Type 1,FAM_NOVEL
PT00050,Novels Type 2,FAM_NOVEL
PT00051,Comics Type 1,FAM_COMIC
PT00052,Comics Type 2,FAM_COMIC
PT00053,Exam Prep Type 1,FAM_EXAM
PT00054,Exam Prep Type 2,FAM_EXAM
PT00055,Kids Learning Type 1,FAM_KIDS
PT00056,Kids Learning Type 2,FAM_KIDS
PT00057,Chips Type 1,FAM_CHIPS
PT00058,Chips Type 2,FAM_CHIPS
PT00059,Biscuits Type 1,FAM_BISCU
PT00060,Biscuits Type 2,FAM_BISCU
PT00061,Rice Type 1,FAM_RICE
PT00062,Rice Type 2,FAM_RICE
PT00063,Pulses Type 1,FAM_PULSES
PT00064,Pulses Type 2,FAM_PULSES
PT00065,Dumbbells Type 1,FAM_DUMB
PT00066,Dumbbells Type 2,FAM_DUMB
PT00067,Cardio Type 1,FAM_CARD
PT00068,Cardio Type 2,FAM_CARD
PT00069,Camping Type 1,FAM_CAMP
PT00070,Camping Type 2,FAM_CAMP
PT00071,Cycling Type 1,FAM_CYCLE
PT00072,Cycling Type 2,FAM_CYCLE
PT00073,Front Load Type 1,FAM_FLOAD
PT00074,Front Load Type 2,FAM_FLOAD
PT00075,Top Load Type 1,FAM_TOPLOAD
PT00076,Top Load Type 2,FAM_TOPLOAD
PT00077,Single Door Type 1,FAM_SINGLE
PT00078,Single Door Type 2,FAM_SINGLE
PT00079,Double Door Type 1,FAM_DOUBLE
PT00080,Double Door Type 2,FAM_DOUBLE
