ProductId,BrandId,SubcategoryId,ProductName
1,9,4,Levis Men 1
2,14,12,HomeCentre Large Appliances 2
3,10,9,Puma Personal Care 3
4,22,7,Haldiram Home Decor 4
5,1,9,Samsung Personal Care 5
6,12,13,Prestige Small Appliances 6
7,17,6,Nivea Kitchen 7
8,18,8,Mamaearth Skincare 8
9,13,4,Milton Men 9
10,25,13,Whirlpool Small Appliances 10
11,2,2,Xiaomi Audio 11
12,5,9,HP Personal Care 12
13,6,12,Lenovo Large Appliances 13
14,3,3,OnePlus Computers 14
15,16,6,Lakme Kitchen 15
16,23,6,Nestle Kitchen 16
17,4,8,boAt Skincare 17
18,26,1,Philips Mobiles 18
