VariantId,ProductId,SKUCode,VariantName,Size,Color,MRPINR,LaunchDateKey,IsActive
1,2,SKUAP00001,HomeCentre Large Appliances 2 Variant B,,Black,999,20220718,1
2,16,SKUHO00002,Nestle Kitchen 16 Variant B,,White,499,20230713,1
3,11,SKUEL00003,Xiaomi Audio 11 Variant A,128GB,Blue,49999,20230109,1
4,11,SKUEL00004,Xiaomi Audio 11 Variant B,64GB,Green,24999,20221015,1
5,12,SKUBE00005,HP Personal Care 12 Variant B,,,299,20220901,1
6,2,SKUAP00006,HomeCentre Large Appliances 2 Variant A,,,699,20230111,1
7,12,SKUBE00007,HP Personal Care 12 Variant C,200ml,,599,20220126,1
8,16,SKUHO00008,Nestle Kitchen 16 Variant A,,Silver,3999,20210723,1
9,4,SKUHO00009,Haldiram Home Decor 4 Variant B,,White,1799,20220709,1
10,13,SKUAP00010,Lenovo Large Appliances 13 Variant A,,Maroon,699,20230723,1
11,1,SKUFA00011,Levis Men 1 Variant C,L,Green,1999,20210903,1
12,5,SKUBE00012,Samsung Personal Care 5 Variant A,200ml,,249,20220818,1
13,10,SKUAP00013,Whirlpool Small Appliances 10 Variant C,,White,24999,20220109,1
14,15,SKUHO00014,Lakme Kitchen 15 Variant B,,White,699,20220218,1
15,5,SKUBE00015,Samsung Personal Care 5 Variant B,100ml,,199,20211016,1
16,10,SKUAP00016,Whirlpool Small Appliances 10 Variant C,,White,699,20230303,1
17,11,SKUEL00017,Xiaomi Audio 11 Variant B,64GB,Blue,14999,20221219,1
18,7,SKUHO00018,Nivea Kitchen 7 Variant B,,Maroon,999,20211110,1
19,4,SKUHO00019,Haldiram Home Decor 4 Variant C,,Maroon,3999,20210916,1
20,11,SKUEL00020,Xiaomi Audio 11 Variant C,128GB,Silver,24999,20221231,1
21,7,SKUHO00021,Nivea Kitchen 7 Variant C,,Silver,7999,20220726,1
22,3,SKUBE00022,Puma Personal Care 3 Variant B,100ml,,249,20210930,1
23,15,SKUHO00023,Lakme Kitchen 15 Variant A,,Silver,499,20221007,1
24,9,SKUFA00024,Milton Men 9 Variant C,M,Green,999,20210219,1
25,13,SKUAP00025,Lenovo Large Appliances 13 Variant A,,,499,20211004,1
26,9,SKUFA00026,Milton Men 9 Variant A,S,White,799,20220723,1
27,10,SKUAP00027,Whirlpool Small Appliances 10 Variant A,,Silver,7999,20210919,1
28,18,SKUEL00028,Philips Mobiles 18 Variant C,128GB,Green,14999,20230426,1
29,13,SKUAP00029,Lenovo Large Appliances 13 Variant B,,Blue,1299,20210519,1
30,8,SKUBE00030,Mamaearth Skincare 8 Variant A,,,399,20220209,1
