return_id,order_item_id,return_reason_code,return_status_code,return_date,refund_amount
RET00000001,ITEM00000027,NO_LONGER_NEEDED,REQUESTED,2023-03-18 04:17:49,1138.63
RET00000002,ITEM00000106,SIZE_FIT,PICKED_UP,2023-03-22 02:24:07,54693.76
RET00000003,ITEM00000149,DEFECTIVE,REJECTED,2021-06-21 16:36:17,13721.95
RET00000004,ITEM00000177,DAMAGED,REFUNDED,2025-03-20 23:05:56,53581.61
RET00000005,ITEM00000181,DAMAGED,RECEIVED,2025-01-05 12:50:58,4541.99
RET00000006,ITEM00000200,LATE_DELIVERY,REFUNDED,2021-08-04 21:38:12,49351.21
RET00000007,ITEM00000219,NO_LONGER_NEEDED,REFUNDED,2023-09-27 12:06:23,75097.24
RET00000008,ITEM00000311,LATE_DELIVERY,PICKED_UP,2023-02-06 15:23:54,745.63
RET00000009,ITEM00000398,WRONG_ITEM,REFUNDED,2023-09-08 03:22:38,2085.48
RET00000010,ITEM00000399,DAMAGED,REFUNDED,2023-02-11 23:37:28,301.2
RET00000011,ITEM00000426,SIZE_FIT,PICKED_UP,2025-12-27 00:22:23,3051.12
RET00000012,ITEM00000459,NO_LONGER_NEEDED,REQUESTED,2024-02-08 10:07:09,2904.32
RET00000013,ITEM00000593,SIZE_FIT,REFUNDED,2024-09-10 20:12:23,186.66
RET00000014,ITEM00000600,LATE_DELIVERY,PICKED_UP,2020-07-07 21:22:52,44715.27
RET00000015,ITEM00000610,NO_LONGER_NEEDED,RECEIVED,2024-12-02 02:01:16,126.46
RET00000016,ITEM00000647,DEFECTIVE,RECEIVED,2022-08-29 22:14:51,6161.19
RET00000017,ITEM00000650,NO_LONGER_NEEDED,REQUESTED,2024-04-18 01:51:58,253.93
RET00000018,ITEM00000690,NO_LONGER_NEEDED,PICKED_UP,2025-01-12 09:20:13,530.15
RET00000019,ITEM00000701,NO_LONGER_NEEDED,RECEIVED,2020-10-13 15:29:38,1466.21
RET00000020,ITEM00000734,SIZE_FIT,REFUNDED,2026-01-08 04:10:56,19533.39
RET00000021,ITEM00000737,LATE_DELIVERY,REQUESTED,2023-12-07 04:39:18,1180.59
RET00000022,ITEM00000763,LATE_DELIVERY,REQUESTED,2022-04-14 21:38:02,1028.6
RET00000023,ITEM00000766,DAMAGED,RECEIVED,2022-04-17 06:38:02,9072.87
RET00000024,ITEM00000770,NO_LONGER_NEEDED,REFUNDED,2020-09-21 14:33:44,5316.87
RET00000025,ITEM00000818,DEFECTIVE,REFUNDED,2020-01-05 19:46:21,305.57
RET00000026,ITEM00000825,SIZE_FIT,PICKED_UP,2025-11-12 08:13:46,162.58
RET00000027,ITEM00000833,SIZE_FIT,PICKED_UP,2023-05-19 22:21:20,3961.22
RET00000028,ITEM00000836,DEFECTIVE,REFUNDED,2020-06-06 23:22:09,102506.19
RET00000029,ITEM00000844,LATE_DELIVERY,REFUNDED,2023-11-02 23:53:58,221.07
RET00000030,ITEM00000874,SIZE_FIT,REQUESTED,2024-01-07 02:25:02,253.63
RET00000031,ITEM00000932,DAMAGED,RECEIVED,2025-08-10 09:11:34,227.88
RET00000032,ITEM00000952,DEFECTIVE,REQUESTED,2023-11-09 05:14:29,632.65
RET00000033,ITEM00000968,SIZE_FIT,REFUNDED,2023-12-03 08:53:26,570.02
RET00000034,ITEM00001046,WRONG_ITEM,REQUESTED,2025-07-13 10:56:24,258.71
RET00000035,ITEM00001062,NO_LONGER_NEEDED,REFUNDED,2024-04-25 12:58:03,5487.55
RET00000036,ITEM00001132,NO_LONGER_NEEDED,REFUNDED,2026-01-03 10:30:41,19384.29
RET00000037,ITEM00001155,LATE_DELIVERY,REFUNDED,2025-07-12 13:19:59,4628.29
RET00000038,ITEM00001178,LATE_DELIVERY,REQUESTED,2022-10-15 17:33:56,9056.49
RET00000039,ITEM00001206,DAMAGED,REQUESTED,2025-07-26 11:02:44,1077.57
RET00000040,ITEM00001247,NO_LONGER_NEEDED,RECEIVED,2023-01-24 16:39:40,29964.27
RET00000041,ITEM00001251,NO_LONGER_NEEDED,REFUNDED,2022-07-21 04:45:39,920.34
RET00000042,ITEM00001252,NO_LONGER_NEEDED,REFUNDED,2022-07-21 05:45:39,8238.8
RET00000043,ITEM00001314,DEFECTIVE,REQUESTED,2023-03-07 15:25:16,8819.03
RET00000044,ITEM00001417,DEFECTIVE,RECEIVED,2020-10-04 15:54:23,427.92
RET00000045,ITEM00001419,NO_LONGER_NEEDED,REFUNDED,2020-10-09 10:54:23,1562.56
RET00000046,ITEM00001523,NO_LONGER_NEEDED,REJECTED,2023-10-01 10:57:03,1519.85
RET00000047,ITEM00001609,SIZE_FIT,REQUESTED,2023-09-21 00:58:46,942.73
RET00000048,ITEM00001786,NO_LONGER_NEEDED,REJECTED,2024-05-01 16:36:35,64930.61
RET00000049,ITEM00001798,NO_LONGER_NEEDED,REQUESTED,2024-03-03 00:19:46,477.24
RET00000050,ITEM00001835,LATE_DELIVERY,REQUESTED,2020-06-18 09:00:18,583.33
RET00000051,ITEM00001837,DEFECTIVE,REFUNDED,2024-05-27 01:40:52,40415.59
RET00000052,ITEM00001897,DEFECTIVE,PICKED_UP,2024-11-18 20:49:25,1194.1
RET00000053,ITEM00001912,WRONG_ITEM,RECEIVED,2025-08-29 12:52:27,7620.18
RET00000054,ITEM00001923,SIZE_FIT,REFUNDED,2021-09-21 21:07:12,6372.16
RET00000055,ITEM00001957,SIZE_FIT,RECEIVED,2021-04-13 11:35:44,16721.79
RET00000056,ITEM00001971,LATE_DELIVERY,REFUNDED,2022-12-21 19:38:33,400.45
RET00000057,ITEM00001976,SIZE_FIT,REQUESTED,2023-09-05 05:08:47,881.63
RET00000058,ITEM00002011,DEFECTIVE,REFUNDED,2025-09-09 19:33:19,38716.5
RET00000059,ITEM00002018,LATE_DELIVERY,REQUESTED,2024-11-18 20:34:16,772.03
RET00000060,ITEM00002021,NO_LONGER_NEEDED,REFUNDED,2025-04-11 11:50:44,239.2
RET00000061,ITEM00002031,DEFECTIVE,REFUNDED,2022-02-24 07:43:06,181.09
RET00000062,ITEM00002086,DEFECTIVE,REFUNDED,2023-10-09 18:21:59,68928.49
RET00000063,ITEM00002101,NO_LONGER_NEEDED,RECEIVED,2022-12-21 07:58:31,1179.66
RET00000064,ITEM00002155,WRONG_ITEM,PICKED_UP,2021-11-12 17:33:08,3296.6
RET00000065,ITEM00002222,DEFECTIVE,REQUESTED,2023-12-10 17:52:09,20149.79
RET00000066,ITEM00002250,DEFECTIVE,REJECTED,2020-06-13 11:48:25,402.48
RET00000067,ITEM00002288,NO_LONGER_NEEDED,PICKED_UP,2025-07-12 15:52:27,71665.17
RET00000068,ITEM00002299,WRONG_ITEM,REQUESTED,2021-05-01 03:51:01,7950.85
RET00000069,ITEM00002348,DAMAGED,PICKED_UP,2022-04-16 23:55:51,351.3
RET00000070,ITEM00002370,DEFECTIVE,REQUESTED,2025-04-27 02:58:23,9776.95
RET00000071,ITEM00002413,DEFECTIVE,REFUNDED,2021-05-26 21:24:27,179.37
RET00000072,ITEM00002434,NO_LONGER_NEEDED,REFUNDED,2024-08-14 08:07:05,1893.09
RET00000073,ITEM00002439,SIZE_FIT,REFUNDED,2025-04-28 16:57:24,194.06
RET00000074,ITEM00002445,NO_LONGER_NEEDED,RECEIVED,2021-08-22 14:37:22,1031.88
RET00000075,ITEM00002497,DEFECTIVE,REFUNDED,2024-01-31 08:08:56,457.73
RET00000076,ITEM00002553,DAMAGED,REFUNDED,2020-01-19 20:37:27,392.68
RET00000077,ITEM00002571,DEFECTIVE,REQUESTED,2024-08-14 20:51:10,16307.02
RET00000078,ITEM00002632,NO_LONGER_NEEDED,PICKED_UP,2024-01-07 03:49:15,14063.67
RET00000079,ITEM00002642,DAMAGED,RECEIVED,2022-05-25 07:21:55,76655.06
RET00000080,ITEM00002658,LATE_DELIVERY,PICKED_UP,2025-02-16 02:34:39,304.67
RET00000081,ITEM00002665,NO_LONGER_NEEDED,RECEIVED,2022-03-28 11:38:21,1721.68
RET00000082,ITEM00002669,DAMAGED,PICKED_UP,2020-08-04 03:49:06,7421.95
RET00000083,ITEM00002718,SIZE_FIT,REJECTED,2025-01-25 02:43:05,16678.32
RET00000084,ITEM00002776,SIZE_FIT,REFUNDED,2021-09-02 02:47:29,8809.93
RET00000085,ITEM00002838,WRONG_ITEM,RECEIVED,2022-04-26 05:54:48,8388.51
RET00000086,ITEM00002913,DEFECTIVE,PICKED_UP,2024-07-26 21:06:44,10139.48
RET00000087,ITEM00002916,NO_LONGER_NEEDED,REFUNDED,2023-05-20 23:30:45,713.16
RET00000088,ITEM00002917,DEFECTIVE,REQUESTED,2023-05-11 01:30:45,1369.41
RET00000089,ITEM00002940,DAMAGED,RECEIVED,2024-02-18 21:15:06,12069.19
RET00000090,ITEM00002945,SIZE_FIT,REQUESTED,2020-10-20 14:24:11,380.92
RET00000091,ITEM00002980,DEFECTIVE,PICKED_UP,2023-02-21 20:22:13,59073.02
RET00000092,ITEM00002995,SIZE_FIT,REFUNDED,2021-07-07 11:09:09,719.51
RET00000093,ITEM00003029,NO_LONGER_NEEDED,RECEIVED,2024-04-13 07:25:16,260.85
RET00000094,ITEM00003052,DEFECTIVE,REQUESTED,2021-12-21 08:28:28,265.81
RET00000095,ITEM00003142,SIZE_FIT,REJECTED,2023-05-24 05:30:41,341.18
RET00000096,ITEM00003228,WRONG_ITEM,REFUNDED,2020-06-02 21:04:25,283.33
RET00000097,ITEM00003243,DAMAGED,REQUESTED,2020-10-27 21:03:49,362.49
RET00000098,ITEM00003248,SIZE_FIT,REQUESTED,2024-10-10 04:39:46,4916.9
RET00000099,ITEM00003255,NO_LONGER_NEEDED,REJECTED,2025-06-30 11:21:42,73357.44
RET00000100,ITEM00003289,SIZE_FIT,REFUNDED,2020-09-07 22:24:05,1854.95
RET00000101,ITEM00003324,NO_LONGER_NEEDED,REQUESTED,2020-07-30 16:15:29,65383.05
RET00000102,ITEM00003343,SIZE_FIT,PICKED_UP,2025-12-25 05:38:36,268.85
RET00000103,ITEM00003424,LATE_DELIVERY,REFUNDED,2020-02-15 00:51:37,4981.12
RET00000104,ITEM00003445,NO_LONGER_NEEDED,PICKED_UP,2023-10-22 11:33:32,3930.29
RET00000105,ITEM00003451,DAMAGED,RECEIVED,2020-11-13 09:58:01,174.88
RET00000106,ITEM00003475,NO_LONGER_NEEDED,PICKED_UP,2025-12-01 18:54:02,40062.52
RET00000107,ITEM00003498,DAMAGED,PICKED_UP,2024-05-31 08:40:47,4340.55
RET00000108,ITEM00003507,LATE_DELIVERY,REFUNDED,2023-09-30 22:25:13,991.92
RET00000109,ITEM00003517,DEFECTIVE,REFUNDED,2020-12-11 22:07:40,1806.56
RET00000110,ITEM00003594,DAMAGED,REJECTED,2022-03-31 15:36:17,2305.64
RET00000111,ITEM00003616,DEFECTIVE,PICKED_UP,2024-12-14 00:46:49,1521.92
RET00000112,ITEM00003619,SIZE_FIT,REFUNDED,2025-01-19 10:46:25,392.58
RET00000113,ITEM00003631,DAMAGED,REFUNDED,2025-03-29 11:20:02,38227.77
RET00000114,ITEM00003689,SIZE_FIT,PICKED_UP,2025-03-03 17:23:27,46972.23
RET00000115,ITEM00003717,SIZE_FIT,REQUESTED,2024-04-03 06:46:46,89839.59
RET00000116,ITEM00003850,DEFECTIVE,REJECTED,2023-03-06 19:41:43,231.51
RET00000117,ITEM00003857,NO_LONGER_NEEDED,REJECTED,2025-04-07 08:30:09,404.45
RET00000118,ITEM00003872,NO_LONGER_NEEDED,REQUESTED,2023-01-25 15:04:03,419.55
RET00000119,ITEM00003894,SIZE_FIT,REQUESTED,2024-09-02 00:58:03,7465.87
RET00000120,ITEM00003897,DAMAGED,REFUNDED,2024-05-10 02:25:53,196.41
RET00000121,ITEM00003900,WRONG_ITEM,REQUESTED,2024-11-06 07:44:23,635.6
RET00000122,ITEM00003915,DAMAGED,RECEIVED,2022-11-07 01:56:35,6349.35
RET00000123,ITEM00003930,DEFECTIVE,REFUNDED,2023-12-11 06:52:25,895.61
RET00000124,ITEM00003943,NO_LONGER_NEEDED,REFUNDED,2024-09-08 16:11:09,470.84
RET00000125,ITEM00003954,LATE_DELIVERY,RECEIVED,2020-01-26 18:59:05,9125.32
RET00000126,ITEM00003966,NO_LONGER_NEEDED,PICKED_UP,2022-03-29 01:30:47,883.4
RET00000127,ITEM00004020,DEFECTIVE,REQUESTED,2021-02-20 22:07:23,8113.59
RET00000128,ITEM00004021,SIZE_FIT,REFUNDED,2021-02-11 16:07:23,91175.03
RET00000129,ITEM00004059,NO_LONGER_NEEDED,PICKED_UP,2024-06-14 04:29:12,329.34
RET00000130,ITEM00004069,WRONG_ITEM,REJECTED,2022-03-14 04:26:23,8157.9
RET00000131,ITEM00004076,SIZE_FIT,REQUESTED,2025-04-22 14:57:29,6568.05
RET00000132,ITEM00004108,WRONG_ITEM,RECEIVED,2024-01-14 12:03:42,1123.16
RET00000133,ITEM00004150,NO_LONGER_NEEDED,REFUNDED,2023-06-25 20:25:56,229.06
RET00000134,ITEM00004221,NO_LONGER_NEEDED,REFUNDED,2021-09-10 12:02:05,444.91
RET00000135,ITEM00004260,LATE_DELIVERY,PICKED_UP,2024-02-21 19:17:29,4505.66
RET00000136,ITEM00004305,LATE_DELIVERY,REQUESTED,2025-11-19 23:55:33,637.42
RET00000137,ITEM00004306,SIZE_FIT,REQUESTED,2022-08-03 02:18:24,411.55
RET00000138,ITEM00004326,WRONG_ITEM,PICKED_UP,2025-09-07 06:40:55,263.09
RET00000139,ITEM00004423,LATE_DELIVERY,PICKED_UP,2024-04-25 17:06:30,82270.3
RET00000140,ITEM00004482,SIZE_FIT,PICKED_UP,2021-08-03 04:11:36,251.36
RET00000141,ITEM00004492,NO_LONGER_NEEDED,RECEIVED,2022-01-24 03:29:01,869.16
RET00000142,ITEM00004522,NO_LONGER_NEEDED,REQUESTED,2025-06-17 23:26:49,449.88
RET00000143,ITEM00004545,SIZE_FIT,RECEIVED,2023-08-03 05:38:29,6844.74
RET00000144,ITEM00004552,WRONG_ITEM,PICKED_UP,2023-07-14 18:44:24,301.17
RET00000145,ITEM00004563,SIZE_FIT,REFUNDED,2024-01-27 16:02:44,3075.05
RET00000146,ITEM00004591,SIZE_FIT,PICKED_UP,2020-04-29 14:49:41,4175.9
RET00000147,ITEM00004632,DAMAGED,REQUESTED,2024-06-23 02:27:25,8121.75
RET00000148,ITEM00004666,WRONG_ITEM,REFUNDED,2022-08-07 14:30:31,680.66
RET00000149,ITEM00004683,WRONG_ITEM,PICKED_UP,2023-12-31 04:34:29,336.84
RET00000150,ITEM00004740,DAMAGED,REFUNDED,2025-06-22 18:39:13,3082.59
RET00000151,ITEM00004767,NO_LONGER_NEEDED,PICKED_UP,2024-10-28 07:13:48,9015.31
RET00000152,ITEM00004795,SIZE_FIT,REQUESTED,2020-12-07 18:14:33,9169.79
RET00000153,ITEM00004804,NO_LONGER_NEEDED,REFUNDED,2025-12-13 11:46:23,9297.9
RET00000154,ITEM00004836,NO_LONGER_NEEDED,RECEIVED,2022-12-17 02:13:59,7187.25
RET00000155,ITEM00004915,DAMAGED,REFUNDED,2020-12-05 07:20:29,18882.84
RET00000156,ITEM00004942,DAMAGED,REFUNDED,2020-01-25 17:40:55,10035.19
RET00000157,ITEM00004944,WRONG_ITEM,REFUNDED,2021-01-03 16:36:56,199.94
RET00000158,ITEM00004965,SIZE_FIT,REFUNDED,2022-04-28 15:39:02,8518.0
RET00000159,ITEM00004971,DAMAGED,RECEIVED,2022-06-22 04:48:12,66114.88
RET00000160,ITEM00005022,DAMAGED,RECEIVED,2024-03-24 19:44:39,244.22
RET00000161,ITEM00005040,NO_LONGER_NEEDED,RECEIVED,2022-08-12 05:37:16,7756.81
RET00000162,ITEM00005061,NO_LONGER_NEEDED,REFUNDED,2023-04-10 18:40:15,664.28
RET00000163,ITEM00005079,SIZE_FIT,PICKED_UP,2023-05-02 05:59:58,166413.35
RET00000164,ITEM00005085,LATE_DELIVERY,REFUNDED,2021-06-04 22:42:20,44258.86
RET00000165,ITEM00005098,DAMAGED,REQUESTED,2021-10-15 20:47:32,1021.88
RET00000166,ITEM00005170,SIZE_FIT,PICKED_UP,2021-05-16 02:14:39,9514.17
RET00000167,ITEM00005212,DAMAGED,REFUNDED,2020-02-13 16:37:13,1964.37
RET00000168,ITEM00005215,NO_LONGER_NEEDED,REFUNDED,2022-11-02 06:43:53,7257.37
RET00000169,ITEM00005238,LATE_DELIVERY,REQUESTED,2022-03-11 00:17:03,21222.98
RET00000170,ITEM00005262,WRONG_ITEM,REQUESTED,2020-11-19 06:05:10,2890.07
RET00000171,ITEM00005279,DAMAGED,RECEIVED,2024-09-08 11:53:56,91691.92
RET00000172,ITEM00005290,DAMAGED,REFUNDED,2021-08-09 12:10:44,58183.55
RET00000173,ITEM00005313,WRONG_ITEM,REQUESTED,2023-05-20 19:26:31,5884.89
RET00000174,ITEM00005352,SIZE_FIT,RECEIVED,2021-08-21 18:49:56,663.82
RET00000175,ITEM00005382,NO_LONGER_NEEDED,PICKED_UP,2020-07-20 23:48:18,196.8
RET00000176,ITEM00005396,DAMAGED,REFUNDED,2020-05-16 09:37:48,262.05
RET00000177,ITEM00005398,LATE_DELIVERY,REFUNDED,2020-09-26 09:40:01,65264.36
RET00000178,ITEM00005400,SIZE_FIT,REFUNDED,2022-10-02 17:29:22,668.78
RET00000179,ITEM00005404,WRONG_ITEM,REQUESTED,2021-05-22 09:51:37,935.65
RET00000180,ITEM00005491,DAMAGED,REQUESTED,2021-09-07 16:13:42,412.36
RET00000181,ITEM00005532,NO_LONGER_NEEDED,PICKED_UP,2024-03-04 06:14:25,1555.97
RET00000182,ITEM00005590,NO_LONGER_NEEDED,REQUESTED,2025-03-12 16:12:41,239.09
RET00000183,ITEM00005637,NO_LONGER_NEEDED,RECEIVED,2023-07-27 04:51:01,807.95
RET00000184,ITEM00005656,LATE_DELIVERY,REQUESTED,2021-03-07 16:51:39,1637.04
RET00000185,ITEM00005684,DAMAGED,REFUNDED,2025-07-08 10:36:26,3533.44
RET00000186,ITEM00005993,WRONG_ITEM,REFUNDED,2021-12-26 13:15:32,554.49
RET00000187,ITEM00006058,NO_LONGER_NEEDED,REQUESTED,2024-02-22 19:35:10,40059.06
RET00000188,ITEM00006059,LATE_DELIVERY,PICKED_UP,2024-03-02 12:35:10,261.27
RET00000189,ITEM00006072,SIZE_FIT,REQUESTED,2020-10-04 13:23:23,2016.86
RET00000190,ITEM00006073,WRONG_ITEM,REFUNDED,2025-07-25 06:50:32,1523.51
RET00000191,ITEM00006074,SIZE_FIT,REQUESTED,2025-06-13 11:48:47,9166.25
RET00000192,ITEM00006080,NO_LONGER_NEEDED,REFUNDED,2023-11-12 19:04:02,8385.75
RET00000193,ITEM00006148,DAMAGED,RECEIVED,2024-09-08 04:29:53,913.81
RET00000194,ITEM00006187,SIZE_FIT,REQUESTED,2024-09-17 09:46:35,794.21
RET00000195,ITEM00006239,SIZE_FIT,RECEIVED,2022-01-25 08:29:16,243.74
RET00000196,ITEM00006291,SIZE_FIT,REQUESTED,2021-05-21 10:22:08,191.48
RET00000197,ITEM00006306,DEFECTIVE,RECEIVED,2020-12-22 18:36:11,5637.52
RET00000198,ITEM00006312,LATE_DELIVERY,REJECTED,2023-06-18 00:13:05,1344.01
RET00000199,ITEM00006386,NO_LONGER_NEEDED,REFUNDED,2025-10-14 14:59:50,201.85
RET00000200,ITEM00006460,SIZE_FIT,RECEIVED,2020-06-27 21:23:25,7916.68
RET00000201,ITEM00006479,LATE_DELIVERY,REFUNDED,2020-10-25 18:04:04,8248.65
RET00000202,ITEM00006544,DAMAGED,REJECTED,2023-09-05 17:00:19,188.72
RET00000203,ITEM00006551,SIZE_FIT,RECEIVED,2024-11-27 03:54:02,1026.32
RET00000204,ITEM00006556,WRONG_ITEM,REQUESTED,2022-10-21 06:11:04,162564.79
RET00000205,ITEM00006560,DAMAGED,REFUNDED,2024-06-03 22:54:56,3278.93
RET00000206,ITEM00006601,SIZE_FIT,RECEIVED,2022-08-05 13:57:25,1899.64
RET00000207,ITEM00006657,DEFECTIVE,RECEIVED,2020-07-31 03:34:23,192.86
RET00000208,ITEM00006677,NO_LONGER_NEEDED,REQUESTED,2023-12-22 20:18:16,261.88
RET00000209,ITEM00006690,DEFECTIVE,RECEIVED,2025-02-08 07:25:35,490.99
RET00000210,ITEM00006711,DAMAGED,PICKED_UP,2021-01-22 16:23:31,431.06
RET00000211,ITEM00006739,LATE_DELIVERY,REJECTED,2025-03-17 14:34:21,4733.4
RET00000212,ITEM00006767,WRONG_ITEM,REFUNDED,2024-02-02 12:41:03,47681.42
RET00000213,ITEM00006773,DEFECTIVE,PICKED_UP,2022-01-07 16:03:35,10402.59
RET00000214,ITEM00006919,LATE_DELIVERY,RECEIVED,2024-02-18 18:54:20,388.8
RET00000215,ITEM00006929,NO_LONGER_NEEDED,REQUESTED,2022-10-10 09:42:57,917.57
RET00000216,ITEM00006960,DEFECTIVE,REQUESTED,2025-09-07 19:00:10,368.41
RET00000217,ITEM00006967,WRONG_ITEM,RECEIVED,2025-05-03 15:06:51,1637.63
RET00000218,ITEM00006981,SIZE_FIT,REFUNDED,2020-09-08 05:55:37,55702.31
RET00000219,ITEM00007069,DAMAGED,REFUNDED,2021-09-24 15:27:20,23935.33
RET00000220,ITEM00007070,SIZE_FIT,REFUNDED,2022-03-10 14:20:42,7249.57
RET00000221,ITEM00007090,DAMAGED,PICKED_UP,2023-03-09 13:50:23,19631.08
RET00000222,ITEM00007106,SIZE_FIT,REQUESTED,2020-05-06 02:44:36,16447.72
RET00000223,ITEM00007135,SIZE_FIT,RECEIVED,2024-12-22 07:18:55,181.46
RET00000224,ITEM00007204,NO_LONGER_NEEDED,REJECTED,2025-12-28 16:47:49,100548.24
RET00000225,ITEM00007254,NO_LONGER_NEEDED,REFUNDED,2024-03-17 00:45:27,3630.09
RET00000226,ITEM00007322,DAMAGED,REQUESTED,2021-05-04 08:20:02,63796.38
RET00000227,ITEM00007341,LATE_DELIVERY,PICKED_UP,2021-07-20 01:27:40,25615.47
RET00000228,ITEM00007362,SIZE_FIT,REQUESTED,2023-05-07 18:39:46,20652.58
RET00000229,ITEM00007394,NO_LONGER_NEEDED,REQUESTED,2024-05-11 15:35:14,8219.61
RET00000230,ITEM00007421,NO_LONGER_NEEDED,PICKED_UP,2024-02-25 17:12:05,2419.7
RET00000231,ITEM00007428,WRONG_ITEM,PICKED_UP,2022-02-13 07:51:12,8610.52
RET00000232,ITEM00007470,NO_LONGER_NEEDED,RECEIVED,2024-05-24 00:33:28,4679.2
RET00000233,ITEM00007476,WRONG_ITEM,REQUESTED,2024-08-19 04:49:38,290.95
RET00000234,ITEM00007592,SIZE_FIT,REFUNDED,2021-11-01 04:01:02,1288.74
RET00000235,ITEM00007599,SIZE_FIT,REQUESTED,2020-07-14 12:45:54,1451.93
RET00000236,ITEM00007608,LATE_DELIVERY,PICKED_UP,2020-05-07 08:56:09,269.68
RET00000237,ITEM00007609,NO_LONGER_NEEDED,REFUNDED,2020-05-08 16:56:09,13430.31
RET00000238,ITEM00007617,WRONG_ITEM,RECEIVED,2022-04-12 09:26:27,24575.82
RET00000239,ITEM00007629,NO_LONGER_NEEDED,REFUNDED,2022-10-15 19:04:06,1373.15
RET00000240,ITEM00007643,DEFECTIVE,REFUNDED,2023-09-04 06:15:11,2749.15
RET00000241,ITEM00007669,NO_LONGER_NEEDED,REFUNDED,2025-10-15 22:02:07,244.61
RET00000242,ITEM00007690,SIZE_FIT,REFUNDED,2022-10-16 00:55:45,96067.36
RET00000243,ITEM00007701,DEFECTIVE,PICKED_UP,2025-09-16 05:22:11,5094.96
RET00000244,ITEM00007737,NO_LONGER_NEEDED,PICKED_UP,2024-07-26 11:09:41,2793.02
RET00000245,ITEM00007741,NO_LONGER_NEEDED,REFUNDED,2024-03-03 02:00:27,263.11
RET00000246,ITEM00007779,DAMAGED,PICKED_UP,2024-04-01 13:37:04,2861.29
RET00000247,ITEM00007799,LATE_DELIVERY,REQUESTED,2023-12-07 06:27:42,46435.53
RET00000248,ITEM00007830,DAMAGED,REFUNDED,2023-02-14 11:01:03,12805.13
RET00000249,ITEM00007869,DAMAGED,REQUESTED,2022-11-16 07:22:50,103.72
RET00000250,ITEM00007888,LATE_DELIVERY,RECEIVED,2020-06-09 06:12:45,6695.35
RET00000251,ITEM00007898,LATE_DELIVERY,REQUESTED,2022-05-26 15:19:08,8156.23
RET00000252,ITEM00007920,SIZE_FIT,PICKED_UP,2024-05-15 09:26:16,482.97
RET00000253,ITEM00007924,NO_LONGER_NEEDED,REJECTED,2022-04-06 19:59:14,297.56
RET00000254,ITEM00007969,SIZE_FIT,PICKED_UP,2022-09-07 02:48:23,420.62
RET00000255,ITEM00007977,NO_LONGER_NEEDED,REFUNDED,2024-06-02 19:20:56,8738.33
RET00000256,ITEM00007979,SIZE_FIT,REFUNDED,2024-04-15 23:18:56,7905.91
RET00000257,ITEM00008001,LATE_DELIVERY,REQUESTED,2022-07-29 12:05:37,8793.94
RET00000258,ITEM00008006,SIZE_FIT,PICKED_UP,2020-09-10 04:36:29,10170.68
RET00000259,ITEM00008013,SIZE_FIT,RECEIVED,2022-12-26 13:04:56,102064.94
RET00000260,ITEM00008035,DAMAGED,RECEIVED,2024-04-08 20:16:05,18710.95
RET00000261,ITEM00008080,SIZE_FIT,REFUNDED,2024-10-03 01:39:11,449.61
RET00000262,ITEM00008129,NO_LONGER_NEEDED,REFUNDED,2020-01-23 00:59:25,3500.7
RET00000263,ITEM00008164,LATE_DELIVERY,REJECTED,2021-07-06 12:19:33,8035.01
RET00000264,ITEM00008170,DAMAGED,REFUNDED,2023-08-01 08:42:15,470.38
RET00000265,ITEM00008209,SIZE_FIT,RECEIVED,2022-07-05 14:33:15,305.19
RET00000266,ITEM00008242,NO_LONGER_NEEDED,RECEIVED,2021-08-07 10:17:10,47924.34
RET00000267,ITEM00008255,DEFECTIVE,REFUNDED,2020-12-04 23:16:37,9524.71
RET00000268,ITEM00008272,SIZE_FIT,RECEIVED,2023-01-01 20:08:25,253.43
RET00000269,ITEM00008277,NO_LONGER_NEEDED,REJECTED,2021-03-29 16:41:56,1545.87
RET00000270,ITEM00008281,DAMAGED,REQUESTED,2021-11-19 15:27:18,1261.74
RET00000271,ITEM00008302,NO_LONGER_NEEDED,REQUESTED,2024-01-18 04:55:55,1408.3
RET00000272,ITEM00008347,SIZE_FIT,REQUESTED,2025-12-05 14:29:41,1550.2
RET00000273,ITEM00008368,DEFECTIVE,REFUNDED,2021-05-10 16:58:58,44743.47
RET00000274,ITEM00008458,SIZE_FIT,PICKED_UP,2025-06-30 12:45:19,7355.04
RET00000275,ITEM00008471,NO_LONGER_NEEDED,PICKED_UP,2020-12-19 09:32:50,191.07
RET00000276,ITEM00008477,WRONG_ITEM,REQUESTED,2025-10-01 04:26:18,790.51
RET00000277,ITEM00008514,NO_LONGER_NEEDED,REQUESTED,2022-07-09 02:07:18,166.31
RET00000278,ITEM00008531,DAMAGED,RECEIVED,2024-07-30 11:20:40,54013.1
RET00000279,ITEM00008541,NO_LONGER_NEEDED,REQUESTED,2025-10-12 11:59:16,304.52
RET00000280,ITEM00008606,NO_LONGER_NEEDED,REQUESTED,2022-07-04 10:02:54,85127.5
RET00000281,ITEM00008609,LATE_DELIVERY,REQUESTED,2023-11-21 02:56:46,9683.55
RET00000282,ITEM00008705,NO_LONGER_NEEDED,REJECTED,2024-09-27 17:25:00,122.33
RET00000283,ITEM00008770,SIZE_FIT,REQUESTED,2023-07-24 06:23:28,9556.34
RET00000284,ITEM00008771,DAMAGED,RECEIVED,2022-06-03 14:17:26,309.63
RET00000285,ITEM00008800,NO_LONGER_NEEDED,REQUESTED,2025-07-30 00:46:01,408.0
RET00000286,ITEM00008839,NO_LONGER_NEEDED,REQUESTED,2020-05-28 12:48:27,1341.89
RET00000287,ITEM00008841,WRONG_ITEM,REJECTED,2025-10-04 13:16:46,8280.94
RET00000288,ITEM00008870,WRONG_ITEM,REQUESTED,2025-05-19 00:15:20,344.5
RET00000289,ITEM00008898,SIZE_FIT,PICKED_UP,2023-04-17 11:26:47,7951.48
RET00000290,ITEM00008901,LATE_DELIVERY,RECEIVED,2024-01-04 19:22:42,9072.95
RET00000291,ITEM00008904,LATE_DELIVERY,RECEIVED,2025-01-27 19:49:36,173.95
RET00000292,ITEM00008911,NO_LONGER_NEEDED,REFUNDED,2025-07-17 11:34:20,141.42
RET00000293,ITEM00008916,WRONG_ITEM,REFUNDED,2024-06-28 09:35:09,1389.02
RET00000294,ITEM00008922,NO_LONGER_NEEDED,RECEIVED,2022-10-17 15:01:10,1303.97
RET00000295,ITEM00008949,NO_LONGER_NEEDED,PICKED_UP,2025-01-19 10:50:11,201.8
RET00000296,ITEM00008952,DEFECTIVE,REFUNDED,2025-01-20 17:50:11,45176.64
RET00000297,ITEM00008959,NO_LONGER_NEEDED,REFUNDED,2023-06-24 20:49:32,876.17
RET00000298,ITEM00008963,SIZE_FIT,PICKED_UP,2020-01-25 14:42:24,4964.72
RET00000299,ITEM00008974,LATE_DELIVERY,REFUNDED,2024-01-30 06:16:27,271.31
RET00000300,ITEM00008980,LATE_DELIVERY,PICKED_UP,2023-01-25 18:43:58,1916.67
RET00000301,ITEM00008992,WRONG_ITEM,REQUESTED,2024-12-03 11:07:50,378.28
RET00000302,ITEM00009005,DEFECTIVE,PICKED_UP,2024-02-12 22:53:50,239.68
RET00000303,ITEM00009018,DAMAGED,RECEIVED,2022-06-11 04:32:33,10154.22
RET00000304,ITEM00009030,NO_LONGER_NEEDED,REQUESTED,2021-04-07 02:50:47,936.11
RET00000305,ITEM00009074,LATE_DELIVERY,RECEIVED,2022-02-03 21:42:27,8434.47
RET00000306,ITEM00009077,WRONG_ITEM,REQUESTED,2022-02-23 01:08:14,315.59
RET00000307,ITEM00009098,NO_LONGER_NEEDED,RECEIVED,2023-02-27 02:18:18,16592.08
RET00000308,ITEM00009104,DEFECTIVE,RECEIVED,2023-07-22 02:47:45,37231.88
RET00000309,ITEM00009148,NO_LONGER_NEEDED,REJECTED,2025-11-21 03:51:27,140268.23
RET00000310,ITEM00009232,SIZE_FIT,REFUNDED,2024-10-25 17:36:47,441.37
RET00000311,ITEM00009242,DAMAGED,PICKED_UP,2025-11-18 16:58:49,940.42
RET00000312,ITEM00009244,NO_LONGER_NEEDED,REQUESTED,2022-01-09 22:30:12,957.63
RET00000313,ITEM00009245,DAMAGED,RECEIVED,2021-12-30 00:30:12,1690.87
RET00000314,ITEM00009281,NO_LONGER_NEEDED,PICKED_UP,2023-06-28 18:38:19,8543.33
RET00000315,ITEM00009289,LATE_DELIVERY,REFUNDED,2025-06-29 09:28:08,19954.92
RET00000316,ITEM00009354,NO_LONGER_NEEDED,RECEIVED,2021-07-04 16:45:03,608.16
RET00000317,ITEM00009355,DAMAGED,REFUNDED,2021-06-28 14:45:03,647.24
RET00000318,ITEM00009416,NO_LONGER_NEEDED,REFUNDED,2023-11-30 12:39:43,1138.68
RET00000319,ITEM00009447,WRONG_ITEM,RECEIVED,2025-05-22 04:19:47,214.79
RET00000320,ITEM00009450,DEFECTIVE,REQUESTED,2024-04-10 18:17:02,289.84
RET00000321,ITEM00009457,DAMAGED,RECEIVED,2021-01-05 22:35:31,54559.18
RET00000322,ITEM00009466,NO_LONGER_NEEDED,REQUESTED,2021-10-24 08:35:07,836.86
RET00000323,ITEM00009469,DEFECTIVE,REQUESTED,2025-12-01 14:12:43,642.48
RET00000324,ITEM00009515,LATE_DELIVERY,REQUESTED,2024-12-09 16:28:15,898.23
RET00000325,ITEM00009605,WRONG_ITEM,RECEIVED,2020-03-19 06:53:22,223.63
RET00000326,ITEM00009613,SIZE_FIT,RECEIVED,2024-12-16 02:12:50,521.55
RET00000327,ITEM00009621,DAMAGED,REQUESTED,2024-11-28 10:46:51,657.48
RET00000328,ITEM00009632,SIZE_FIT,REFUNDED,2022-09-29 10:01:50,60446.77
RET00000329,ITEM00009649,NO_LONGER_NEEDED,REFUNDED,2023-07-12 21:54:13,1768.59
RET00000330,ITEM00009655,NO_LONGER_NEEDED,RECEIVED,2023-12-08 04:00:55,15779.74
RET00000331,ITEM00009656,SIZE_FIT,REQUESTED,2023-12-03 03:00:55,303.57
RET00000332,ITEM00009727,NO_LONGER_NEEDED,REFUNDED,2025-08-06 06:58:19,729.2
RET00000333,ITEM00009785,DAMAGED,REQUESTED,2020-03-30 09:08:44,8271.39
RET00000334,ITEM00009809,WRONG_ITEM,REFUNDED,2021-04-16 05:53:51,770.51
RET00000335,ITEM00009835,WRONG_ITEM,RECEIVED,2021-07-11 18:28:49,339.28
RET00000336,ITEM00009837,SIZE_FIT,PICKED_UP,2020-03-09 03:57:28,4713.65
RET00000337,ITEM00009842,NO_LONGER_NEEDED,REFUNDED,2025-10-12 11:54:39,8440.97
RET00000338,ITEM00009843,SIZE_FIT,REFUNDED,2024-05-02 07:59:50,263.13
RET00000339,ITEM00009875,DAMAGED,RECEIVED,2021-07-03 01:23:06,56334.38
RET00000340,ITEM00009880,WRONG_ITEM,PICKED_UP,2023-03-21 16:57:08,61574.19
RET00000341,ITEM00009906,DAMAGED,REFUNDED,2023-03-14 02:28:22,9498.94
RET00000342,ITEM00009923,LATE_DELIVERY,PICKED_UP,2024-11-29 14:51:19,2896.76
RET00000343,ITEM00009961,NO_LONGER_NEEDED,PICKED_UP,2024-05-31 15:32:44,245.5
RET00000344,ITEM00009988,DAMAGED,RECEIVED,2022-03-31 05:48:10,31477.16
RET00000345,ITEM00010036,LATE_DELIVERY,RECEIVED,2024-11-14 10:58:21,27737.63
RET00000346,ITEM00010094,DAMAGED,REFUNDED,2021-09-10 12:36:58,11334.26
RET00000347,ITEM00010132,NO_LONGER_NEEDED,REFUNDED,2022-08-02 19:01:54,851.96
RET00000348,ITEM00010165,NO_LONGER_NEEDED,REFUNDED,2021-09-30 02:00:32,289.19
RET00000349,ITEM00010168,NO_LONGER_NEEDED,RECEIVED,2024-11-05 17:41:34,9874.35
RET00000350,ITEM00010192,SIZE_FIT,RECEIVED,2024-02-03 21:13:53,491.35
RET00000351,ITEM00010220,NO_LONGER_NEEDED,REQUESTED,2021-10-21 18:38:38,5903.14
RET00000352,ITEM00010395,NO_LONGER_NEEDED,REFUNDED,2020-01-21 02:06:30,51701.48
RET00000353,ITEM00010397,SIZE_FIT,RECEIVED,2020-01-13 13:06:30,1776.21
RET00000354,ITEM00010418,DAMAGED,PICKED_UP,2023-04-26 16:01:34,1699.53
RET00000355,ITEM00010435,NO_LONGER_NEEDED,REFUNDED,2024-08-13 09:46:25,10211.04
RET00000356,ITEM00010519,SIZE_FIT,REJECTED,2023-03-24 20:35:57,3037.22
RET00000357,ITEM00010520,NO_LONGER_NEEDED,REFUNDED,2023-03-24 04:35:57,92150.82
RET00000358,ITEM00010532,NO_LONGER_NEEDED,REQUESTED,2023-02-10 20:16:44,403.03
RET00000359,ITEM00010582,NO_LONGER_NEEDED,PICKED_UP,2024-02-09 12:41:55,19378.47
RET00000360,ITEM00010586,NO_LONGER_NEEDED,REFUNDED,2020-12-09 06:57:56,655.03
RET00000361,ITEM00010690,SIZE_FIT,PICKED_UP,2020-08-19 15:56:38,1072.22
RET00000362,ITEM00010760,DEFECTIVE,REQUESTED,2022-04-22 13:49:16,3135.58
RET00000363,ITEM00010817,SIZE_FIT,REFUNDED,2023-11-27 00:39:51,6895.98
RET00000364,ITEM00010829,SIZE_FIT,REFUNDED,2024-06-06 16:35:59,3489.09
RET00000365,ITEM00010858,SIZE_FIT,REFUNDED,2023-03-19 13:32:50,4767.51
RET00000366,ITEM00010933,SIZE_FIT,RECEIVED,2024-07-18 19:33:21,2385.5
RET00000367,ITEM00010950,DEFECTIVE,REFUNDED,2023-09-27 04:08:30,20229.22
RET00000368,ITEM00010963,SIZE_FIT,REFUNDED,2025-11-08 05:28:05,1474.15
RET00000369,ITEM00011003,NO_LONGER_NEEDED,RECEIVED,2020-02-10 10:00:34,5589.87
RET00000370,ITEM00011024,LATE_DELIVERY,REFUNDED,2024-08-21 18:52:19,622.04
RET00000371,ITEM00011071,SIZE_FIT,REFUNDED,2020-09-07 21:22:53,42009.04
RET00000372,ITEM00011103,SIZE_FIT,PICKED_UP,2023-04-16 14:58:11,5968.46
RET00000373,ITEM00011108,NO_LONGER_NEEDED,REFUNDED,2024-08-21 17:09:19,10905.01
RET00000374,ITEM00011112,WRONG_ITEM,REFUNDED,2023-01-10 18:24:41,5039.75
RET00000375,ITEM00011113,SIZE_FIT,REQUESTED,2021-01-15 00:53:48,223.89
RET00000376,ITEM00011177,NO_LONGER_NEEDED,REQUESTED,2023-01-13 14:49:10,6772.43
RET00000377,ITEM00011199,WRONG_ITEM,REJECTED,2025-05-06 03:41:03,43639.16
RET00000378,ITEM00011205,SIZE_FIT,RECEIVED,2021-01-12 22:49:00,578.23
RET00000379,ITEM00011325,DAMAGED,REFUNDED,2021-06-22 03:49:54,1073.82
RET00000380,ITEM00011350,SIZE_FIT,REQUESTED,2022-04-14 06:17:57,253.98
RET00000381,ITEM00011369,NO_LONGER_NEEDED,RECEIVED,2021-02-13 09:34:40,280.65
RET00000382,ITEM00011389,SIZE_FIT,REFUNDED,2021-02-18 05:07:42,426.65
RET00000383,ITEM00011481,NO_LONGER_NEEDED,REFUNDED,2025-10-03 21:20:42,459.12
RET00000384,ITEM00011504,DEFECTIVE,REQUESTED,2023-06-03 04:57:08,218.27
RET00000385,ITEM00011515,WRONG_ITEM,REFUNDED,2022-01-19 19:54:15,6612.48
RET00000386,ITEM00011516,SIZE_FIT,RECEIVED,2022-01-19 13:54:15,696.79
RET00000387,ITEM00011521,SIZE_FIT,PICKED_UP,2020-01-22 00:55:59,995.98
RET00000388,ITEM00011619,SIZE_FIT,PICKED_UP,2021-11-24 10:38:23,7216.51
RET00000389,ITEM00011662,LATE_DELIVERY,REQUESTED,2022-09-30 17:49:50,6074.93
RET00000390,ITEM00011860,NO_LONGER_NEEDED,RECEIVED,2022-10-13 05:45:23,191.91
RET00000391,ITEM00011907,NO_LONGER_NEEDED,REFUNDED,2024-03-29 20:35:35,376.37
RET00000392,ITEM00011926,DAMAGED,REQUESTED,2021-06-12 16:49:13,4265.99
RET00000393,ITEM00012067,SIZE_FIT,PICKED_UP,2020-03-14 01:04:46,303.71
RET00000394,ITEM00012091,SIZE_FIT,PICKED_UP,2024-11-27 23:47:47,215.87
RET00000395,ITEM00012135,NO_LONGER_NEEDED,REJECTED,2021-09-15 20:04:53,17635.74
RET00000396,ITEM00012138,NO_LONGER_NEEDED,REQUESTED,2022-09-02 14:46:22,1270.61
RET00000397,ITEM00012178,SIZE_FIT,REFUNDED,2021-04-20 22:03:17,283.82
RET00000398,ITEM00012253,SIZE_FIT,REQUESTED,2020-08-23 13:30:07,10345.22
RET00000399,ITEM00012260,NO_LONGER_NEEDED,REFUNDED,2021-03-20 03:32:50,471.4
RET00000400,ITEM00012312,NO_LONGER_NEEDED,REQUESTED,2021-08-13 13:21:21,9261.08
RET00000401,ITEM00012327,DAMAGED,REQUESTED,2022-03-22 04:02:19,8539.85
RET00000402,ITEM00012376,NO_LONGER_NEEDED,REFUNDED,2020-11-18 00:31:54,196.55
RET00000403,ITEM00012394,NO_LONGER_NEEDED,PICKED_UP,2025-02-22 13:11:00,254.01
RET00000404,ITEM00012450,SIZE_FIT,RECEIVED,2024-06-08 21:21:03,1895.33
RET00000405,ITEM00012488,NO_LONGER_NEEDED,REFUNDED,2020-06-12 01:33:54,1296.25
RET00000406,ITEM00012506,NO_LONGER_NEEDED,REFUNDED,2022-12-15 10:56:13,1433.41
RET00000407,ITEM00012571,NO_LONGER_NEEDED,REFUNDED,2024-07-10 10:02:10,124463.67
RET00000408,ITEM00012686,DAMAGED,REFUNDED,2023-09-05 07:32:17,96553.03
RET00000409,ITEM00012696,WRONG_ITEM,REQUESTED,2024-12-12 16:21:23,444.79
RET00000410,ITEM00012731,DEFECTIVE,REQUESTED,2022-10-26 10:36:18,341.96
RET00000411,ITEM00012732,SIZE_FIT,REQUESTED,2022-10-31 07:36:18,2143.46
RET00000412,ITEM00012747,DAMAGED,REQUESTED,2024-06-24 19:02:57,5084.03
RET00000413,ITEM00012755,DAMAGED,REFUNDED,2024-05-09 05:34:54,43215.53
RET00000414,ITEM00012783,DEFECTIVE,REFUNDED,2024-03-08 00:00:29,21065.31
RET00000415,ITEM00012799,NO_LONGER_NEEDED,PICKED_UP,2020-09-17 20:16:04,297.38
RET00000416,ITEM00012805,SIZE_FIT,REQUESTED,2023-12-20 11:17:05,8939.91
RET00000417,ITEM00012827,LATE_DELIVERY,REFUNDED,2022-04-14 11:20:30,1539.88
RET00000418,ITEM00012836,DEFECTIVE,REFUNDED,2023-05-31 22:22:30,238.74
RET00000419,ITEM00012865,DEFECTIVE,REQUESTED,2021-12-19 08:42:27,326.37
RET00000420,ITEM00012883,SIZE_FIT,REQUESTED,2023-08-18 18:41:22,2902.01
RET00000421,ITEM00012898,SIZE_FIT,RECEIVED,2021-11-12 10:36:28,1680.23
RET00000422,ITEM00012915,DAMAGED,PICKED_UP,2020-01-11 09:22:43,144.85
RET00000423,ITEM00012968,NO_LONGER_NEEDED,RECEIVED,2025-10-27 06:12:31,1291.4
RET00000424,ITEM00013096,NO_LONGER_NEEDED,REFUNDED,2021-07-16 11:08:25,2013.96
RET00000425,ITEM00013148,DAMAGED,REFUNDED,2025-08-25 19:04:38,5199.29
RET00000426,ITEM00013171,DEFECTIVE,RECEIVED,2021-12-21 12:15:45,367.22
RET00000427,ITEM00013200,NO_LONGER_NEEDED,REFUNDED,2022-02-05 06:37:40,400.2
RET00000428,ITEM00013285,LATE_DELIVERY,REQUESTED,2025-06-11 13:30:38,11830.51
RET00000429,ITEM00013286,WRONG_ITEM,REFUNDED,2022-01-28 21:00:06,108832.01
RET00000430,ITEM00013304,DAMAGED,REQUESTED,2025-08-25 16:58:43,98670.28
RET00000431,ITEM00013309,NO_LONGER_NEEDED,REFUNDED,2020-03-27 09:55:04,172.1
RET00000432,ITEM00013372,LATE_DELIVERY,PICKED_UP,2023-02-04 00:43:52,359.37
RET00000433,ITEM00013389,LATE_DELIVERY,RECEIVED,2024-02-05 04:07:24,199.84
RET00000434,ITEM00013392,NO_LONGER_NEEDED,REFUNDED,2020-12-13 03:17:11,2871.22
RET00000435,ITEM00013447,NO_LONGER_NEEDED,REFUNDED,2024-09-19 11:13:45,437.08
RET00000436,ITEM00013470,DAMAGED,REJECTED,2022-10-12 14:28:22,2519.5
RET00000437,ITEM00013533,NO_LONGER_NEEDED,REQUESTED,2024-02-02 09:14:08,7769.92
RET00000438,ITEM00013674,SIZE_FIT,REQUESTED,2021-07-21 08:05:17,1369.66
RET00000439,ITEM00013699,NO_LONGER_NEEDED,REFUNDED,2021-01-26 08:32:11,414.19
RET00000440,ITEM00013727,NO_LONGER_NEEDED,REQUESTED,2020-04-02 05:11:30,675.05
RET00000441,ITEM00013833,SIZE_FIT,REQUESTED,2024-12-01 08:48:31,21733.47
RET00000442,ITEM00013840,NO_LONGER_NEEDED,REFUNDED,2025-01-09 19:42:57,1302.95
RET00000443,ITEM00013852,DAMAGED,REFUNDED,2025-09-25 12:44:31,9152.97
RET00000444,ITEM00013854,LATE_DELIVERY,RECEIVED,2024-03-02 20:37:04,3652.05
RET00000445,ITEM00013858,NO_LONGER_NEEDED,PICKED_UP,2020-08-21 16:17:49,7401.52
RET00000446,ITEM00013889,NO_LONGER_NEEDED,RECEIVED,2020-02-29 15:55:24,334.04
RET00000447,ITEM00013899,WRONG_ITEM,RECEIVED,2024-10-19 11:48:55,1529.27
RET00000448,ITEM00013939,LATE_DELIVERY,REQUESTED,2021-09-26 09:52:17,231.56
RET00000449,ITEM00013967,DAMAGED,RECEIVED,2024-07-09 06:53:39,1413.65
RET00000450,ITEM00014030,NO_LONGER_NEEDED,REFUNDED,2024-12-10 08:18:55,72302.79
RET00000451,ITEM00014055,DEFECTIVE,REFUNDED,2020-12-20 01:04:02,156.01
RET00000452,ITEM00014069,LATE_DELIVERY,RECEIVED,2021-01-14 09:27:29,9074.79
RET00000453,ITEM00014077,DEFECTIVE,PICKED_UP,2022-10-12 08:23:53,2065.98
RET00000454,ITEM00014078,SIZE_FIT,REFUNDED,2022-10-12 11:23:53,1865.09
RET00000455,ITEM00014179,SIZE_FIT,REQUESTED,2024-04-21 03:45:20,8520.6
RET00000456,ITEM00014181,DEFECTIVE,PICKED_UP,2024-09-25 11:57:57,447.21
RET00000457,ITEM00014206,NO_LONGER_NEEDED,REFUNDED,2020-05-30 09:59:53,8186.68
RET00000458,ITEM00014222,NO_LONGER_NEEDED,REFUNDED,2024-06-29 19:39:36,6883.98
RET00000459,ITEM00014241,LATE_DELIVERY,REFUNDED,2024-08-14 05:04:49,551.16
RET00000460,ITEM00014244,SIZE_FIT,REFUNDED,2025-07-10 11:31:06,223.5
RET00000461,ITEM00014388,NO_LONGER_NEEDED,REFUNDED,2025-06-11 13:56:29,210.6
RET00000462,ITEM00014396,NO_LONGER_NEEDED,REJECTED,2020-07-06 13:46:46,1193.73
RET00000463,ITEM00014429,WRONG_ITEM,REQUESTED,2025-10-05 10:59:09,839.67
RET00000464,ITEM00014440,WRONG_ITEM,RECEIVED,2022-08-22 09:51:29,7893.38
RET00000465,ITEM00014444,DEFECTIVE,RECEIVED,2021-04-23 15:33:45,5280.65
RET00000466,ITEM00014465,LATE_DELIVERY,RECEIVED,2020-08-15 23:49:16,5407.01
RET00000467,ITEM00014501,NO_LONGER_NEEDED,REFUNDED,2024-05-28 23:18:48,54350.02
RET00000468,ITEM00014513,NO_LONGER_NEEDED,REFUNDED,2020-03-23 02:19:33,951.62
RET00000469,ITEM00014532,DAMAGED,REJECTED,2022-12-10 02:23:14,96952.44
RET00000470,ITEM00014543,DAMAGED,REFUNDED,2023-10-27 07:46:28,6150.24
RET00000471,ITEM00014552,NO_LONGER_NEEDED,REFUNDED,2021-05-02 02:45:58,16978.53
RET00000472,ITEM00014562,DEFECTIVE,REQUESTED,2024-06-14 18:28:46,4278.67
RET00000473,ITEM00014674,SIZE_FIT,PICKED_UP,2025-03-01 00:58:30,8225.46
RET00000474,ITEM00014730,WRONG_ITEM,PICKED_UP,2023-03-25 17:59:42,337.65
RET00000475,ITEM00014746,LATE_DELIVERY,PICKED_UP,2022-09-20 03:44:29,207.21
RET00000476,ITEM00014807,LATE_DELIVERY,PICKED_UP,2020-03-07 01:18:01,907.85
RET00000477,ITEM00014840,NO_LONGER_NEEDED,PICKED_UP,2021-01-14 10:40:46,9778.77
RET00000478,ITEM00014897,SIZE_FIT,PICKED_UP,2025-03-01 02:03:16,190.44
RET00000479,ITEM00014959,SIZE_FIT,REQUESTED,2022-06-07 02:37:52,862.23
RET00000480,ITEM00015005,WRONG_ITEM,REQUESTED,2023-05-28 10:03:40,316.51
RET00000481,ITEM00015024,SIZE_FIT,RECEIVED,2023-01-04 18:32:13,567.41
RET00000482,ITEM00015106,NO_LONGER_NEEDED,RECEIVED,2025-06-26 18:25:12,1826.46
RET00000483,ITEM00015114,NO_LONGER_NEEDED,REQUESTED,2022-12-12 02:24:15,830.08
RET00000484,ITEM00015115,LATE_DELIVERY,RECEIVED,2022-12-08 19:24:15,9392.65
RET00000485,ITEM00015270,LATE_DELIVERY,PICKED_UP,2020-01-23 01:23:16,6726.0
RET00000486,ITEM00015308,SIZE_FIT,REJECTED,2023-01-29 23:44:39,1864.09
RET00000487,ITEM00015317,SIZE_FIT,RECEIVED,2025-03-13 22:14:28,424.51
RET00000488,ITEM00015364,LATE_DELIVERY,REQUESTED,2024-02-28 11:32:58,409.46
RET00000489,ITEM00015384,DEFECTIVE,REQUESTED,2025-09-27 07:24:16,7135.79
RET00000490,ITEM00015413,NO_LONGER_NEEDED,REQUESTED,2024-05-11 23:43:53,451.76
RET00000491,ITEM00015445,SIZE_FIT,PICKED_UP,2021-03-07 19:55:10,23510.35
RET00000492,ITEM00015625,DAMAGED,REFUNDED,2021-08-24 23:10:27,7765.1
RET00000493,ITEM00015631,NO_LONGER_NEEDED,REQUESTED,2020-11-28 02:24:01,2294.02
RET00000494,ITEM00015646,NO_LONGER_NEEDED,REQUESTED,2025-11-18 10:16:30,2919.73
RET00000495,ITEM00015699,DAMAGED,REQUESTED,2025-04-10 04:44:17,7743.71
RET00000496,ITEM00015712,NO_LONGER_NEEDED,REFUNDED,2023-03-25 13:19:12,229.14
RET00000497,ITEM00015763,WRONG_ITEM,REFUNDED,2023-12-04 01:58:32,6347.71
RET00000498,ITEM00015787,NO_LONGER_NEEDED,PICKED_UP,2022-04-05 12:49:27,69766.46
RET00000499,ITEM00015812,SIZE_FIT,REFUNDED,2024-07-15 17:36:03,1590.2
RET00000500,ITEM00015870,NO_LONGER_NEEDED,PICKED_UP,2022-02-16 14:06:13,528.86
RET00000501,ITEM00015901,DEFECTIVE,REFUNDED,2024-05-16 05:02:26,352.72
RET00000502,ITEM00015908,LATE_DELIVERY,RECEIVED,2024-08-06 14:39:10,5832.21
RET00000503,ITEM00015911,SIZE_FIT,REQUESTED,2021-04-26 18:04:48,7238.9
RET00000504,ITEM00015933,LATE_DELIVERY,RECEIVED,2022-12-16 05:41:46,5652.87
RET00000505,ITEM00015964,NO_LONGER_NEEDED,RECEIVED,2022-07-20 12:26:32,8710.24
RET00000506,ITEM00016019,NO_LONGER_NEEDED,RECEIVED,2020-08-17 11:36:14,427.2
RET00000507,ITEM00016057,NO_LONGER_NEEDED,REFUNDED,2021-03-26 13:36:32,6369.87
RET00000508,ITEM00016059,NO_LONGER_NEEDED,PICKED_UP,2025-05-12 03:19:36,1516.34
RET00000509,ITEM00016079,LATE_DELIVERY,REQUESTED,2025-07-28 09:18:40,939.59
RET00000510,ITEM00016105,LATE_DELIVERY,RECEIVED,2024-01-20 05:08:00,2877.42
RET00000511,ITEM00016106,DEFECTIVE,REFUNDED,2024-01-18 04:08:00,872.9
RET00000512,ITEM00016110,DAMAGED,REQUESTED,2022-06-14 16:37:50,1416.72
RET00000513,ITEM00016185,NO_LONGER_NEEDED,PICKED_UP,2024-05-26 06:13:46,23933.83
RET00000514,ITEM00016196,LATE_DELIVERY,PICKED_UP,2024-08-29 18:24:50,296.0
RET00000515,ITEM00016225,SIZE_FIT,REFUNDED,2020-07-01 14:29:36,493.36
RET00000516,ITEM00016296,DAMAGED,REQUESTED,2023-04-22 03:44:44,47056.36
RET00000517,ITEM00016297,SIZE_FIT,REFUNDED,2023-03-10 21:37:54,1759.61
RET00000518,ITEM00016364,SIZE_FIT,REFUNDED,2025-11-26 12:04:14,24138.47
RET00000519,ITEM00016444,NO_LONGER_NEEDED,RECEIVED,2025-12-28 19:18:21,1530.83
RET00000520,ITEM00016456,SIZE_FIT,REFUNDED,2024-09-19 00:43:40,11963.88
RET00000521,ITEM00016515,SIZE_FIT,RECEIVED,2020-07-14 07:29:16,1486.24
RET00000522,ITEM00016558,LATE_DELIVERY,PICKED_UP,2023-02-15 18:08:23,8813.73
RET00000523,ITEM00016568,LATE_DELIVERY,PICKED_UP,2020-01-30 08:54:50,83249.88
RET00000524,ITEM00016623,NO_LONGER_NEEDED,REQUESTED,2024-06-24 09:41:40,307.86
RET00000525,ITEM00016639,LATE_DELIVERY,RECEIVED,2025-02-08 19:57:44,7157.22
RET00000526,ITEM00016646,NO_LONGER_NEEDED,PICKED_UP,2020-06-13 06:11:30,8352.08
RET00000527,ITEM00016663,SIZE_FIT,REQUESTED,2024-04-21 20:56:58,76180.02
RET00000528,ITEM00016668,DAMAGED,RECEIVED,2025-01-19 11:02:42,223.32
RET00000529,ITEM00016690,DAMAGED,REQUESTED,2020-05-10 08:41:29,17589.16
RET00000530,ITEM00016701,SIZE_FIT,PICKED_UP,2025-09-04 19:32:51,36760.4
RET00000531,ITEM00016750,SIZE_FIT,PICKED_UP,2025-09-05 08:43:48,625.72
RET00000532,ITEM00016770,DAMAGED,REQUESTED,2020-02-05 03:41:07,4825.31
RET00000533,ITEM00016787,DEFECTIVE,PICKED_UP,2021-06-01 20:54:53,437.71
RET00000534,ITEM00016849,WRONG_ITEM,REFUNDED,2021-07-06 10:32:13,2630.33
RET00000535,ITEM00016898,WRONG_ITEM,PICKED_UP,2023-08-24 04:58:55,233.57
RET00000536,ITEM00016914,WRONG_ITEM,RECEIVED,2022-03-25 14:33:29,17321.37
RET00000537,ITEM00016961,DAMAGED,REFUNDED,2023-05-21 19:59:40,70865.76
RET00000538,ITEM00016966,WRONG_ITEM,REJECTED,2023-06-12 08:55:45,1051.71
RET00000539,ITEM00017020,DEFECTIVE,REJECTED,2023-11-25 20:12:54,6240.06
RET00000540,ITEM00017028,WRONG_ITEM,RECEIVED,2021-01-30 17:23:44,883.9
RET00000541,ITEM00017113,DAMAGED,REFUNDED,2023-04-16 16:11:26,26695.34
RET00000542,ITEM00017135,NO_LONGER_NEEDED,REQUESTED,2021-04-22 23:43:00,1061.58
RET00000543,ITEM00017235,LATE_DELIVERY,PICKED_UP,2025-01-25 08:09:42,395.71
RET00000544,ITEM00017268,LATE_DELIVERY,REQUESTED,2025-05-03 08:56:43,208510.21
RET00000545,ITEM00017297,DEFECTIVE,RECEIVED,2023-01-23 02:26:08,1688.7
RET00000546,ITEM00017298,DEFECTIVE,PICKED_UP,2023-04-13 15:23:17,163.9
RET00000547,ITEM00017299,NO_LONGER_NEEDED,REFUNDED,2023-04-11 07:23:17,254.54
RET00000548,ITEM00017322,WRONG_ITEM,RECEIVED,2020-01-11 14:24:44,263.01
RET00000549,ITEM00017325,DEFECTIVE,REJECTED,2024-02-24 17:41:57,4280.9
RET00000550,ITEM00017338,SIZE_FIT,REQUESTED,2021-09-04 15:37:19,542.91
RET00000551,ITEM00017426,DEFECTIVE,RECEIVED,2022-10-25 17:35:25,3126.94
RET00000552,ITEM00017470,SIZE_FIT,REQUESTED,2023-02-23 17:24:31,1523.14
RET00000553,ITEM00017481,LATE_DELIVERY,REQUESTED,2024-08-26 04:54:41,452.64
RET00000554,ITEM00017496,NO_LONGER_NEEDED,PICKED_UP,2023-07-23 14:54:01,268.17
RET00000555,ITEM00017542,NO_LONGER_NEEDED,REQUESTED,2025-11-26 04:30:45,78782.24
RET00000556,ITEM00017561,LATE_DELIVERY,REFUNDED,2023-09-06 16:44:32,1654.73
RET00000557,ITEM00017631,NO_LONGER_NEEDED,REJECTED,2025-12-07 09:38:06,62625.44
RET00000558,ITEM00017700,SIZE_FIT,REQUESTED,2021-11-09 15:17:11,218.79
RET00000559,ITEM00017711,NO_LONGER_NEEDED,REFUNDED,2022-08-30 14:46:05,8898.66
RET00000560,ITEM00017715,NO_LONGER_NEEDED,PICKED_UP,2024-12-17 11:59:37,36076.77
RET00000561,ITEM00017727,WRONG_ITEM,RECEIVED,2022-07-18 13:13:43,8445.31
RET00000562,ITEM00017777,SIZE_FIT,REFUNDED,2024-08-26 13:33:42,544.64
RET00000563,ITEM00017833,SIZE_FIT,REFUNDED,2025-04-25 10:54:04,439.12
RET00000564,ITEM00017841,NO_LONGER_NEEDED,REFUNDED,2023-06-29 05:49:51,4930.96
RET00000565,ITEM00017850,WRONG_ITEM,RECEIVED,2021-07-09 12:19:52,428.76
RET00000566,ITEM00017851,DEFECTIVE,REQUESTED,2022-08-05 13:46:40,9043.98
RET00000567,ITEM00017852,WRONG_ITEM,PICKED_UP,2022-03-07 22:05:57,16176.75
RET00000568,ITEM00017857,LATE_DELIVERY,RECEIVED,2020-08-08 13:18:11,854.61
RET00000569,ITEM00017858,WRONG_ITEM,REQUESTED,2024-12-06 09:49:43,5896.49
RET00000570,ITEM00017890,SIZE_FIT,REFUNDED,2025-04-08 18:23:37,7201.87
RET00000571,ITEM00017950,NO_LONGER_NEEDED,REQUESTED,2021-06-07 04:03:03,284.67
RET00000572,ITEM00018066,NO_LONGER_NEEDED,PICKED_UP,2020-03-27 04:35:42,536.22
RET00000573,ITEM00018086,SIZE_FIT,REJECTED,2025-08-09 23:07:50,216.7
RET00000574,ITEM00018124,NO_LONGER_NEEDED,REFUNDED,2022-07-24 22:26:08,2582.55
RET00000575,ITEM00018137,DEFECTIVE,REQUESTED,2023-06-03 15:11:51,561.73
RET00000576,ITEM00018149,SIZE_FIT,REQUESTED,2020-09-20 00:48:11,290.3
RET00000577,ITEM00018206,NO_LONGER_NEEDED,PICKED_UP,2022-03-05 20:23:32,53049.86
RET00000578,ITEM00018231,NO_LONGER_NEEDED,REFUNDED,2022-10-01 23:59:20,4857.83
RET00000579,ITEM00018262,LATE_DELIVERY,REQUESTED,2023-05-04 20:16:48,542.69
RET00000580,ITEM00018293,SIZE_FIT,PICKED_UP,2025-06-15 22:13:52,1941.59
RET00000581,ITEM00018316,NO_LONGER_NEEDED,RECEIVED,2024-12-20 20:28:01,23911.69
RET00000582,ITEM00018350,NO_LONGER_NEEDED,REFUNDED,2025-07-18 11:39:53,1494.27
RET00000583,ITEM00018353,NO_LONGER_NEEDED,REQUESTED,2024-02-29 13:08:44,25584.91
RET00000584,ITEM00018379,SIZE_FIT,RECEIVED,2022-07-04 02:55:49,170.57
RET00000585,ITEM00018384,SIZE_FIT,PICKED_UP,2024-11-25 22:40:00,12227.04
RET00000586,ITEM00018437,DEFECTIVE,REQUESTED,2021-05-05 07:08:36,2636.47
RET00000587,ITEM00018446,NO_LONGER_NEEDED,REQUESTED,2021-09-14 18:22:53,4018.14
RET00000588,ITEM00018450,NO_LONGER_NEEDED,REFUNDED,2021-01-25 20:52:30,10193.56
RET00000589,ITEM00018453,WRONG_ITEM,REQUESTED,2025-07-05 18:13:35,1679.36
RET00000590,ITEM00018522,NO_LONGER_NEEDED,RECEIVED,2021-02-15 11:24:29,1974.34
RET00000591,ITEM00018535,LATE_DELIVERY,REQUESTED,2024-01-25 21:49:15,572.7
RET00000592,ITEM00018550,DEFECTIVE,REFUNDED,2022-05-17 11:18:23,640.33
RET00000593,ITEM00018606,DAMAGED,REFUNDED,2022-11-17 19:53:49,92062.49
RET00000594,ITEM00018608,NO_LONGER_NEEDED,RECEIVED,2022-11-13 11:53:49,194.09
RET00000595,ITEM00018670,NO_LONGER_NEEDED,PICKED_UP,2020-04-20 20:53:13,45939.91
RET00000596,ITEM00018777,DEFECTIVE,PICKED_UP,2023-02-06 10:45:22,192.89
RET00000597,ITEM00018781,DEFECTIVE,REQUESTED,2022-10-19 23:34:58,21823.89
RET00000598,ITEM00018785,DAMAGED,REQUESTED,2025-03-28 19:06:14,824.57
RET00000599,ITEM00018860,SIZE_FIT,PICKED_UP,2022-12-20 13:57:19,8821.12
RET00000600,ITEM00018869,LATE_DELIVERY,REFUNDED,2020-12-08 04:00:00,7650.2
RET00000601,ITEM00018873,NO_LONGER_NEEDED,REQUESTED,2023-12-02 02:53:46,359.67
RET00000602,ITEM00018880,NO_LONGER_NEEDED,RECEIVED,2022-11-05 10:10:37,8223.62
RET00000603,ITEM00018921,SIZE_FIT,PICKED_UP,2025-06-22 18:33:29,383.88
RET00000604,ITEM00018923,NO_LONGER_NEEDED,REQUESTED,2023-04-03 00:08:58,5232.85
RET00000605,ITEM00018927,DEFECTIVE,REQUESTED,2023-02-11 00:42:53,893.93
RET00000606,ITEM00019083,DEFECTIVE,REQUESTED,2020-04-16 09:57:09,2378.61
RET00000607,ITEM00019101,NO_LONGER_NEEDED,RECEIVED,2023-07-13 14:12:54,539.94
RET00000608,ITEM00019172,NO_LONGER_NEEDED,RECEIVED,2025-01-31 18:01:47,1012.52
RET00000609,ITEM00019192,NO_LONGER_NEEDED,REFUNDED,2022-03-31 11:15:58,460.02
RET00000610,ITEM00019335,DAMAGED,REFUNDED,2024-09-25 23:21:21,950.9
RET00000611,ITEM00019364,WRONG_ITEM,REJECTED,2021-12-26 03:37:24,9620.23
RET00000612,ITEM00019438,WRONG_ITEM,REFUNDED,2025-06-16 12:15:48,91293.27
RET00000613,ITEM00019481,NO_LONGER_NEEDED,RECEIVED,2021-05-24 07:29:22,2258.93
RET00000614,ITEM00019511,NO_LONGER_NEEDED,REQUESTED,2020-10-22 03:44:01,1466.18
RET00000615,ITEM00019519,NO_LONGER_NEEDED,PICKED_UP,2022-12-27 07:01:44,1552.66
RET00000616,ITEM00019520,SIZE_FIT,REQUESTED,2022-12-29 03:01:44,717.27
RET00000617,ITEM00019525,NO_LONGER_NEEDED,RECEIVED,2022-10-15 22:43:09,30016.18
RET00000618,ITEM00019552,LATE_DELIVERY,PICKED_UP,2023-03-27 08:51:05,153297.91
RET00000619,ITEM00019554,NO_LONGER_NEEDED,REJECTED,2024-06-24 00:29:06,572.76
RET00000620,ITEM00019576,NO_LONGER_NEEDED,PICKED_UP,2021-05-17 16:10:23,53746.57
RET00000621,ITEM00019637,LATE_DELIVERY,REFUNDED,2025-05-28 17:00:04,8273.87
RET00000622,ITEM00019642,LATE_DELIVERY,RECEIVED,2024-12-07 19:08:40,4642.8
RET00000623,ITEM00019658,DAMAGED,REQUESTED,2024-02-17 06:26:20,109.54
RET00000624,ITEM00019837,NO_LONGER_NEEDED,RECEIVED,2023-03-15 22:54:58,1905.13
RET00000625,ITEM00019848,LATE_DELIVERY,REQUESTED,2020-05-17 09:00:44,45652.32
RET00000626,ITEM00019849,NO_LONGER_NEEDED,RECEIVED,2024-10-22 05:17:35,8388.74
RET00000627,ITEM00019930,LATE_DELIVERY,REFUNDED,2022-05-21 04:25:07,4644.07
RET00000628,ITEM00019936,DAMAGED,PICKED_UP,2020-02-27 01:17:53,17493.98
RET00000629,ITEM00019941,SIZE_FIT,REQUESTED,2022-01-19 20:09:43,6036.93
RET00000630,ITEM00019951,NO_LONGER_NEEDED,REQUESTED,2023-07-19 19:46:43,2518.4
RET00000631,ITEM00019958,DEFECTIVE,PICKED_UP,2022-02-05 17:57:04,2112.1
RET00000632,ITEM00019991,WRONG_ITEM,REFUNDED,2021-03-30 20:26:36,7457.39
RET00000633,ITEM00020063,NO_LONGER_NEEDED,RECEIVED,2024-09-09 19:40:15,6675.25
RET00000634,ITEM00020084,NO_LONGER_NEEDED,PICKED_UP,2020-07-09 05:28:30,865.81
RET00000635,ITEM00020203,NO_LONGER_NEEDED,PICKED_UP,2021-03-26 07:22:07,5835.61
RET00000636,ITEM00020211,DEFECTIVE,RECEIVED,2021-05-10 14:58:55,22053.59
RET00000637,ITEM00020212,NO_LONGER_NEEDED,REFUNDED,2021-05-14 15:58:55,5107.85
RET00000638,ITEM00020348,NO_LONGER_NEEDED,PICKED_UP,2020-06-30 00:42:01,407.15
RET00000639,ITEM00020375,SIZE_FIT,RECEIVED,2023-03-24 09:47:38,389.9
RET00000640,ITEM00020377,DAMAGED,PICKED_UP,2023-10-15 14:08:42,441.31
RET00000641,ITEM00020378,DEFECTIVE,PICKED_UP,2024-08-16 03:58:22,227.25
RET00000642,ITEM00020392,DAMAGED,REQUESTED,2021-08-22 08:11:35,1503.76
RET00000643,ITEM00020403,NO_LONGER_NEEDED,RECEIVED,2021-02-05 09:08:55,764.01
RET00000644,ITEM00020407,SIZE_FIT,RECEIVED,2025-07-27 13:19:15,773.71
RET00000645,ITEM00020414,SIZE_FIT,PICKED_UP,2024-06-13 22:43:08,5094.44
RET00000646,ITEM00020417,DEFECTIVE,REJECTED,2021-07-01 02:08:52,141.29
RET00000647,ITEM00020418,WRONG_ITEM,REFUNDED,2021-07-01 20:08:52,287.53
RET00000648,ITEM00020470,NO_LONGER_NEEDED,REFUNDED,2020-04-15 04:56:53,700.88
RET00000649,ITEM00020472,LATE_DELIVERY,REFUNDED,2023-12-20 03:12:32,777.65
RET00000650,ITEM00020491,NO_LONGER_NEEDED,PICKED_UP,2025-01-19 20:45:16,21571.96
RET00000651,ITEM00020529,SIZE_FIT,RECEIVED,2025-04-27 23:32:18,804.12
RET00000652,ITEM00020571,SIZE_FIT,REFUNDED,2020-10-30 06:10:13,25177.3
RET00000653,ITEM00020582,SIZE_FIT,PICKED_UP,2022-06-12 21:33:51,770.51
RET00000654,ITEM00020639,NO_LONGER_NEEDED,RECEIVED,2025-10-20 01:49:32,243.78
RET00000655,ITEM00020661,NO_LONGER_NEEDED,RECEIVED,2025-02-10 15:31:50,230.27
RET00000656,ITEM00020662,NO_LONGER_NEEDED,PICKED_UP,2025-02-12 14:31:50,272.88
RET00000657,ITEM00020668,DAMAGED,REQUESTED,2024-09-15 18:47:41,800.06
RET00000658,ITEM00020677,DEFECTIVE,RECEIVED,2024-04-01 16:15:12,7789.51
RET00000659,ITEM00020700,LATE_DELIVERY,REQUESTED,2022-10-27 17:18:57,8817.65
RET00000660,ITEM00020727,DAMAGED,RECEIVED,2022-11-16 14:47:14,89196.07
RET00000661,ITEM00020744,NO_LONGER_NEEDED,REQUESTED,2023-04-17 07:32:19,438.8
RET00000662,ITEM00020867,LATE_DELIVERY,PICKED_UP,2023-02-04 04:17:26,28059.18
RET00000663,ITEM00020883,DAMAGED,REQUESTED,2021-02-10 21:20:03,415.65
RET00000664,ITEM00020885,SIZE_FIT,REQUESTED,2021-02-13 00:20:03,8444.28
RET00000665,ITEM00020914,DAMAGED,REQUESTED,2021-04-13 19:40:28,717.58
RET00000666,ITEM00021023,WRONG_ITEM,REFUNDED,2024-12-16 17:23:41,1824.14
RET00000667,ITEM00021050,NO_LONGER_NEEDED,REQUESTED,2025-11-29 23:02:23,247.2
RET00000668,ITEM00021099,NO_LONGER_NEEDED,REFUNDED,2023-09-21 06:32:11,9018.98
RET00000669,ITEM00021210,SIZE_FIT,REQUESTED,2024-06-10 09:19:49,11162.77
RET00000670,ITEM00021287,DEFECTIVE,PICKED_UP,2022-01-22 05:13:15,9522.46
RET00000671,ITEM00021332,SIZE_FIT,PICKED_UP,2022-02-15 03:42:19,78621.81
RET00000672,ITEM00021413,WRONG_ITEM,PICKED_UP,2025-07-17 04:43:16,901.12
RET00000673,ITEM00021437,WRONG_ITEM,RECEIVED,2022-10-22 11:06:36,25936.03
RET00000674,ITEM00021455,DAMAGED,REQUESTED,2022-06-14 00:56:58,6734.07
RET00000675,ITEM00021462,LATE_DELIVERY,PICKED_UP,2023-02-19 23:52:43,8873.26
RET00000676,ITEM00021494,SIZE_FIT,REQUESTED,2022-01-28 22:33:42,23014.3
RET00000677,ITEM00021497,SIZE_FIT,REFUNDED,2023-05-26 03:01:16,13237.81
RET00000678,ITEM00021552,LATE_DELIVERY,PICKED_UP,2020-11-01 08:37:01,615.52
RET00000679,ITEM00021604,NO_LONGER_NEEDED,REFUNDED,2022-05-09 13:48:16,255.43
RET00000680,ITEM00021609,NO_LONGER_NEEDED,PICKED_UP,2022-04-12 19:42:31,8891.65
RET00000681,ITEM00021626,SIZE_FIT,REFUNDED,2025-02-22 15:50:11,16953.25
RET00000682,ITEM00021646,NO_LONGER_NEEDED,REFUNDED,2022-08-18 02:15:21,55431.86
RET00000683,ITEM00021654,WRONG_ITEM,PICKED_UP,2022-05-14 05:35:09,6647.2
RET00000684,ITEM00021690,DAMAGED,RECEIVED,2020-07-01 00:33:00,286.33
RET00000685,ITEM00021715,DAMAGED,REJECTED,2024-11-19 11:41:22,1108.67
RET00000686,ITEM00021716,DAMAGED,REFUNDED,2024-05-26 07:05:51,16067.74
RET00000687,ITEM00021730,NO_LONGER_NEEDED,REQUESTED,2021-05-14 19:47:12,90246.83
RET00000688,ITEM00021770,DEFECTIVE,REQUESTED,2024-09-22 00:36:20,591.4
RET00000689,ITEM00021810,SIZE_FIT,REQUESTED,2021-03-13 09:45:26,7735.6
RET00000690,ITEM00021878,LATE_DELIVERY,PICKED_UP,2020-08-05 21:24:37,54798.78
RET00000691,ITEM00021938,DEFECTIVE,REFUNDED,2020-04-23 10:43:38,20985.53
RET00000692,ITEM00021947,DAMAGED,REFUNDED,2020-06-24 02:54:15,320.34
RET00000693,ITEM00021963,LATE_DELIVERY,REFUNDED,2022-01-19 01:29:20,16206.98
RET00000694,ITEM00021964,DEFECTIVE,RECEIVED,2024-09-21 22:10:43,1538.59
RET00000695,ITEM00022019,LATE_DELIVERY,PICKED_UP,2025-12-20 00:40:04,8350.7
RET00000696,ITEM00022054,SIZE_FIT,REQUESTED,2025-01-17 08:27:32,456.53
RET00000697,ITEM00022090,SIZE_FIT,RECEIVED,2023-04-10 10:29:48,7214.01
RET00000698,ITEM00022094,SIZE_FIT,PICKED_UP,2020-02-10 01:08:38,8462.1
RET00000699,ITEM00022113,WRONG_ITEM,REQUESTED,2022-07-26 22:34:20,5430.94
RET00000700,ITEM00022147,NO_LONGER_NEEDED,REFUNDED,2025-01-29 05:23:49,8239.72
RET00000701,ITEM00022150,DEFECTIVE,PICKED_UP,2025-10-16 21:12:10,5841.07
RET00000702,ITEM00022152,SIZE_FIT,RECEIVED,2025-10-21 01:12:10,243.91
RET00000703,ITEM00022153,NO_LONGER_NEEDED,REFUNDED,2025-10-21 04:12:10,279.84
RET00000704,ITEM00022169,DEFECTIVE,RECEIVED,2025-08-31 02:23:09,339.7
RET00000705,ITEM00022202,LATE_DELIVERY,RECEIVED,2021-05-13 15:01:05,776.42
RET00000706,ITEM00022271,NO_LONGER_NEEDED,REFUNDED,2020-09-01 04:51:22,44760.79
RET00000707,ITEM00022276,DEFECTIVE,REFUNDED,2023-11-10 21:47:29,222.92
RET00000708,ITEM00022419,SIZE_FIT,PICKED_UP,2022-09-11 19:26:05,6311.35
RET00000709,ITEM00022437,NO_LONGER_NEEDED,RECEIVED,2022-05-28 16:02:36,4187.83
RET00000710,ITEM00022440,DAMAGED,RECEIVED,2025-08-26 09:41:20,7537.43
RET00000711,ITEM00022471,SIZE_FIT,REQUESTED,2021-05-24 07:51:57,8521.88
RET00000712,ITEM00022594,SIZE_FIT,REFUNDED,2023-11-04 13:29:34,1642.38
RET00000713,ITEM00022623,NO_LONGER_NEEDED,PICKED_UP,2025-10-02 13:33:39,5770.08
RET00000714,ITEM00022627,WRONG_ITEM,RECEIVED,2021-12-13 10:25:00,221.46
RET00000715,ITEM00022685,SIZE_FIT,REFUNDED,2020-05-04 23:15:56,7826.6
RET00000716,ITEM00022790,SIZE_FIT,REFUNDED,2020-11-04 18:32:24,735.34
RET00000717,ITEM00022866,LATE_DELIVERY,PICKED_UP,2024-07-29 19:37:45,9820.23
RET00000718,ITEM00022871,SIZE_FIT,REFUNDED,2022-08-27 20:53:20,6685.25
RET00000719,ITEM00022878,LATE_DELIVERY,PICKED_UP,2022-06-24 05:21:33,49830.6
RET00000720,ITEM00022894,DEFECTIVE,RECEIVED,2024-04-06 03:19:13,274.54
RET00000721,ITEM00022908,SIZE_FIT,REFUNDED,2022-05-10 13:08:12,1303.09
RET00000722,ITEM00023006,SIZE_FIT,REFUNDED,2020-09-13 10:52:08,384.63
RET00000723,ITEM00023008,DEFECTIVE,REQUESTED,2021-09-10 12:38:03,15325.21
RET00000724,ITEM00023107,NO_LONGER_NEEDED,REQUESTED,2021-03-03 02:19:04,95542.72
RET00000725,ITEM00023187,NO_LONGER_NEEDED,REQUESTED,2024-03-07 15:01:52,175.78
RET00000726,ITEM00023205,LATE_DELIVERY,REFUNDED,2024-11-30 11:33:02,3512.94
RET00000727,ITEM00023275,NO_LONGER_NEEDED,REFUNDED,2024-08-28 09:34:04,7948.83
RET00000728,ITEM00023312,DAMAGED,PICKED_UP,2024-01-17 19:55:35,48288.27
RET00000729,ITEM00023340,DAMAGED,REQUESTED,2021-02-01 13:00:38,9877.49
RET00000730,ITEM00023407,WRONG_ITEM,REFUNDED,2021-05-18 08:29:04,15273.18
RET00000731,ITEM00023475,DAMAGED,RECEIVED,2025-03-03 02:44:04,6293.9
RET00000732,ITEM00023479,SIZE_FIT,REFUNDED,2021-02-12 04:29:46,789.0
RET00000733,ITEM00023542,NO_LONGER_NEEDED,REJECTED,2023-04-18 07:35:23,8096.73
RET00000734,ITEM00023632,WRONG_ITEM,REQUESTED,2022-01-11 21:53:42,858.57
RET00000735,ITEM00023777,SIZE_FIT,REFUNDED,2023-03-23 20:13:04,990.49
RET00000736,ITEM00023781,NO_LONGER_NEEDED,REFUNDED,2021-06-11 21:04:00,194.95
RET00000737,ITEM00023799,SIZE_FIT,REJECTED,2023-05-08 20:26:11,51722.36
RET00000738,ITEM00023915,NO_LONGER_NEEDED,RECEIVED,2020-11-17 07:36:53,144.31
RET00000739,ITEM00023918,DAMAGED,REFUNDED,2025-11-19 22:22:08,968.82
RET00000740,ITEM00023925,NO_LONGER_NEEDED,REQUESTED,2020-07-07 10:22:09,4514.92
RET00000741,ITEM00023958,NO_LONGER_NEEDED,PICKED_UP,2020-04-03 12:00:01,1194.61
RET00000742,ITEM00024018,DEFECTIVE,REFUNDED,2023-09-26 09:49:36,6915.35
RET00000743,ITEM00024048,LATE_DELIVERY,PICKED_UP,2021-11-08 00:40:35,323.94
RET00000744,ITEM00024049,DAMAGED,REQUESTED,2021-11-08 02:40:35,422.1
RET00000745,ITEM00024123,WRONG_ITEM,PICKED_UP,2021-05-12 18:58:45,415.25
RET00000746,ITEM00024125,NO_LONGER_NEEDED,REJECTED,2024-08-20 04:55:01,24188.36
RET00000747,ITEM00024139,NO_LONGER_NEEDED,PICKED_UP,2021-11-01 13:09:47,557.11
RET00000748,ITEM00024152,NO_LONGER_NEEDED,REFUNDED,2020-09-19 21:57:59,306.16
RET00000749,ITEM00024178,NO_LONGER_NEEDED,REFUNDED,2025-06-01 17:00:40,8982.5
RET00000750,ITEM00024190,LATE_DELIVERY,REFUNDED,2020-10-25 22:42:59,214.68
RET00000751,ITEM00024246,SIZE_FIT,RECEIVED,2021-12-25 23:44:26,4676.31
RET00000752,ITEM00024326,DAMAGED,RECEIVED,2021-05-04 04:17:55,93291.6
RET00000753,ITEM00024568,NO_LONGER_NEEDED,REQUESTED,2023-08-20 06:34:47,462.02
RET00000754,ITEM00024580,NO_LONGER_NEEDED,REQUESTED,2021-04-24 04:02:52,194746.27
RET00000755,ITEM00024599,WRONG_ITEM,PICKED_UP,2024-03-30 14:06:09,140.35
RET00000756,ITEM00024610,SIZE_FIT,REQUESTED,2021-02-21 01:17:49,7796.42
RET00000757,ITEM00024646,WRONG_ITEM,REFUNDED,2023-10-09 20:11:56,824.12
RET00000758,ITEM00024684,DAMAGED,REQUESTED,2024-04-16 06:19:44,3054.66
RET00000759,ITEM00024732,NO_LONGER_NEEDED,REFUNDED,2024-07-21 09:19:06,5311.94
RET00000760,ITEM00024776,DAMAGED,RECEIVED,2020-01-06 14:37:07,6716.94
RET00000761,ITEM00024811,NO_LONGER_NEEDED,REJECTED,2024-02-21 08:02:51,16649.15
RET00000762,ITEM00024854,NO_LONGER_NEEDED,REJECTED,2022-10-21 18:42:09,7266.28
RET00000763,ITEM00024907,SIZE_FIT,REQUESTED,2022-11-23 06:39:37,766.75
RET00000764,ITEM00024956,DAMAGED,REFUNDED,2021-08-18 02:11:24,9433.82
RET00000765,ITEM00024988,DEFECTIVE,REFUNDED,2022-07-31 21:28:57,46525.38
RET00000766,ITEM00025006,DAMAGED,RECEIVED,2020-07-16 11:52:09,42775.04
RET00000767,ITEM00025037,LATE_DELIVERY,REFUNDED,2022-12-14 19:40:48,1218.67
RET00000768,ITEM00025071,LATE_DELIVERY,PICKED_UP,2024-11-05 08:57:01,1036.63
RET00000769,ITEM00025121,DEFECTIVE,REQUESTED,2023-07-19 13:38:48,9564.57
RET00000770,ITEM00025223,DAMAGED,PICKED_UP,2020-04-12 17:49:25,34415.65
RET00000771,ITEM00025254,SIZE_FIT,PICKED_UP,2020-04-27 11:48:36,12803.94
RET00000772,ITEM00025311,SIZE_FIT,REQUESTED,2024-03-07 18:44:22,21129.71
RET00000773,ITEM00025323,DEFECTIVE,PICKED_UP,2023-08-24 08:41:05,840.64
RET00000774,ITEM00025339,WRONG_ITEM,RECEIVED,2023-10-08 04:52:12,8980.74
RET00000775,ITEM00025383,SIZE_FIT,REQUESTED,2023-01-23 00:15:24,7157.45
RET00000776,ITEM00025420,DAMAGED,RECEIVED,2022-06-09 21:34:29,1605.84
RET00000777,ITEM00025451,DEFECTIVE,PICKED_UP,2023-03-21 00:49:50,628.03
RET00000778,ITEM00025479,DEFECTIVE,RECEIVED,2023-07-28 18:29:54,8870.93
RET00000779,ITEM00025521,DAMAGED,REFUNDED,2023-02-25 09:40:18,2931.99
RET00000780,ITEM00025526,SIZE_FIT,REFUNDED,2024-07-06 18:42:27,6156.75
RET00000781,ITEM00025575,NO_LONGER_NEEDED,REQUESTED,2022-12-05 13:41:32,113.72
RET00000782,ITEM00025705,DEFECTIVE,REFUNDED,2025-09-14 12:56:39,1235.36
RET00000783,ITEM00025768,DEFECTIVE,REFUNDED,2023-12-17 12:54:40,1180.26
RET00000784,ITEM00025787,SIZE_FIT,PICKED_UP,2025-11-11 02:26:14,10819.2
RET00000785,ITEM00025807,SIZE_FIT,REFUNDED,2023-08-19 14:59:14,10590.54
RET00000786,ITEM00025812,NO_LONGER_NEEDED,PICKED_UP,2024-03-06 11:09:11,7084.12
RET00000787,ITEM00025819,WRONG_ITEM,RECEIVED,2020-04-26 02:14:27,1259.38
RET00000788,ITEM00025823,LATE_DELIVERY,PICKED_UP,2025-02-22 01:08:10,6554.9
RET00000789,ITEM00025828,SIZE_FIT,PICKED_UP,2021-08-13 06:36:49,422.89
RET00000790,ITEM00025846,SIZE_FIT,REFUNDED,2021-06-17 21:37:27,872.48
RET00000791,ITEM00025870,NO_LONGER_NEEDED,REQUESTED,2021-05-31 16:42:36,587.89
RET00000792,ITEM00025908,SIZE_FIT,RECEIVED,2023-06-06 02:50:58,845.31
RET00000793,ITEM00025912,NO_LONGER_NEEDED,RECEIVED,2020-08-20 17:11:56,5483.83
RET00000794,ITEM00025934,NO_LONGER_NEEDED,REQUESTED,2025-06-22 07:14:42,209.24
RET00000795,ITEM00026011,WRONG_ITEM,REQUESTED,2024-07-28 18:49:22,338.95
RET00000796,ITEM00026042,LATE_DELIVERY,RECEIVED,2023-11-18 09:45:30,7957.21
RET00000797,ITEM00026053,DAMAGED,REQUESTED,2025-12-19 07:20:16,8289.95
RET00000798,ITEM00026058,DAMAGED,REQUESTED,2023-05-12 10:17:31,2883.81
RET00000799,ITEM00026088,LATE_DELIVERY,REQUESTED,2020-04-07 21:14:11,101632.95
RET00000800,ITEM00026099,SIZE_FIT,REQUESTED,2025-05-17 10:18:24,537.52
RET00000801,ITEM00026155,WRONG_ITEM,REFUNDED,2025-07-13 17:14:28,8397.47
RET00000802,ITEM00026213,WRONG_ITEM,REQUESTED,2022-12-23 22:38:25,199.31
RET00000803,ITEM00026382,NO_LONGER_NEEDED,RECEIVED,2022-05-05 13:31:12,251.88
RET00000804,ITEM00026384,SIZE_FIT,REQUESTED,2024-09-25 15:00:07,171.04
RET00000805,ITEM00026418,SIZE_FIT,REJECTED,2024-11-24 18:33:26,5310.06
RET00000806,ITEM00026441,NO_LONGER_NEEDED,PICKED_UP,2021-05-18 09:28:44,949.04
RET00000807,ITEM00026451,DAMAGED,REFUNDED,2026-01-02 19:35:49,5136.05
RET00000808,ITEM00026464,DAMAGED,REQUESTED,2020-08-25 05:52:14,3090.93
RET00000809,ITEM00026477,SIZE_FIT,PICKED_UP,2023-07-13 08:16:06,3234.71
RET00000810,ITEM00026585,DEFECTIVE,REFUNDED,2025-08-26 21:54:18,699.68
RET00000811,ITEM00026639,DEFECTIVE,RECEIVED,2022-02-28 19:19:09,201.23
RET00000812,ITEM00026659,DEFECTIVE,PICKED_UP,2024-08-25 23:09:52,1214.42
RET00000813,ITEM00026664,SIZE_FIT,REQUESTED,2024-07-26 13:46:24,8577.21
RET00000814,ITEM00026704,NO_LONGER_NEEDED,REQUESTED,2024-08-04 17:59:57,51457.28
RET00000815,ITEM00026716,DEFECTIVE,RECEIVED,2025-08-16 07:12:41,538.36
RET00000816,ITEM00026777,NO_LONGER_NEEDED,REFUNDED,2022-11-08 17:07:22,15870.61
RET00000817,ITEM00026840,NO_LONGER_NEEDED,REFUNDED,2021-05-16 12:34:30,1430.55
RET00000818,ITEM00026908,SIZE_FIT,REQUESTED,2020-07-21 19:29:11,1200.0
RET00000819,ITEM00026930,NO_LONGER_NEEDED,REJECTED,2021-10-12 17:29:03,7832.15
RET00000820,ITEM00026947,DEFECTIVE,RECEIVED,2022-05-25 20:04:38,741.87
RET00000821,ITEM00026972,WRONG_ITEM,REFUNDED,2024-08-17 07:15:54,6762.69
RET00000822,ITEM00026986,DEFECTIVE,REFUNDED,2022-06-10 01:50:56,85295.35
RET00000823,ITEM00026994,DEFECTIVE,REQUESTED,2020-04-27 11:20:57,237.68
RET00000824,ITEM00026995,DEFECTIVE,REFUNDED,2020-04-27 09:20:57,42171.72
RET00000825,ITEM00027027,NO_LONGER_NEEDED,REQUESTED,2021-07-12 12:10:37,16063.03
RET00000826,ITEM00027040,DAMAGED,REFUNDED,2024-08-29 14:14:08,802.08
RET00000827,ITEM00027077,NO_LONGER_NEEDED,REQUESTED,2021-06-06 23:36:03,101205.86
RET00000828,ITEM00027115,NO_LONGER_NEEDED,REFUNDED,2020-04-04 16:38:45,189.63
RET00000829,ITEM00027120,DEFECTIVE,REFUNDED,2025-11-06 04:06:36,1020.84
RET00000830,ITEM00027146,NO_LONGER_NEEDED,REFUNDED,2023-11-04 13:49:25,15631.37
RET00000831,ITEM00027163,NO_LONGER_NEEDED,RECEIVED,2025-10-21 18:07:05,55230.94
RET00000832,ITEM00027165,DEFECTIVE,REFUNDED,2020-01-20 14:05:36,2042.44
RET00000833,ITEM00027255,NO_LONGER_NEEDED,REJECTED,2025-01-25 15:43:28,5918.69
RET00000834,ITEM00027330,SIZE_FIT,REFUNDED,2024-05-29 19:14:38,395.13
RET00000835,ITEM00027332,DEFECTIVE,PICKED_UP,2021-02-06 07:21:54,1649.08
RET00000836,ITEM00027338,SIZE_FIT,PICKED_UP,2020-06-06 00:11:15,1696.56
RET00000837,ITEM00027362,NO_LONGER_NEEDED,PICKED_UP,2021-02-07 06:14:01,172.67
RET00000838,ITEM00027387,WRONG_ITEM,REJECTED,2020-11-21 04:40:15,7635.03
RET00000839,ITEM00027399,WRONG_ITEM,REFUNDED,2023-03-07 10:09:25,46116.05
RET00000840,ITEM00027447,NO_LONGER_NEEDED,REQUESTED,2022-09-04 01:51:26,75449.69
RET00000841,ITEM00027466,SIZE_FIT,RECEIVED,2022-10-16 20:54:42,6351.43
RET00000842,ITEM00027482,WRONG_ITEM,PICKED_UP,2023-06-28 18:10:04,4128.11
RET00000843,ITEM00027513,LATE_DELIVERY,RECEIVED,2022-03-28 13:50:55,647.62
RET00000844,ITEM00027659,SIZE_FIT,PICKED_UP,2024-11-12 10:02:36,843.04
RET00000845,ITEM00027667,DAMAGED,PICKED_UP,2024-09-01 09:38:53,861.01
RET00000846,ITEM00027688,DEFECTIVE,PICKED_UP,2022-02-25 19:03:07,83769.22
RET00000847,ITEM00027690,DAMAGED,PICKED_UP,2022-02-24 01:03:07,7459.45
RET00000848,ITEM00027700,SIZE_FIT,REFUNDED,2025-09-14 04:13:47,457.09
RET00000849,ITEM00027828,NO_LONGER_NEEDED,REFUNDED,2025-11-18 11:40:15,7690.18
RET00000850,ITEM00027833,NO_LONGER_NEEDED,REFUNDED,2023-03-19 17:47:59,631.33
RET00000851,ITEM00027887,NO_LONGER_NEEDED,REFUNDED,2021-04-02 15:01:25,232.98
RET00000852,ITEM00027918,NO_LONGER_NEEDED,PICKED_UP,2025-01-09 17:09:58,453.41
RET00000853,ITEM00027936,SIZE_FIT,REQUESTED,2021-01-10 22:29:29,239.61
RET00000854,ITEM00027950,NO_LONGER_NEEDED,REFUNDED,2022-10-12 08:06:56,200.62
RET00000855,ITEM00028001,LATE_DELIVERY,REQUESTED,2023-05-22 19:06:48,8956.53
RET00000856,ITEM00028005,DAMAGED,PICKED_UP,2020-05-13 21:56:17,223.82
RET00000857,ITEM00028057,DAMAGED,PICKED_UP,2025-09-16 14:12:11,8902.02
RET00000858,ITEM00028078,LATE_DELIVERY,RECEIVED,2024-09-26 15:31:40,4627.1
RET00000859,ITEM00028093,SIZE_FIT,PICKED_UP,2024-08-27 17:38:43,105319.31
RET00000860,ITEM00028138,WRONG_ITEM,REQUESTED,2022-04-28 07:34:23,327.51
RET00000861,ITEM00028152,SIZE_FIT,REFUNDED,2023-08-24 21:15:28,464.53
RET00000862,ITEM00028319,NO_LONGER_NEEDED,RECEIVED,2025-06-24 02:54:34,3320.97
RET00000863,ITEM00028323,DAMAGED,REFUNDED,2023-12-15 04:31:52,493.06
RET00000864,ITEM00028327,DAMAGED,REQUESTED,2020-10-02 22:57:50,4996.12
RET00000865,ITEM00028424,NO_LONGER_NEEDED,REFUNDED,2021-11-14 19:11:24,159.14
RET00000866,ITEM00028451,NO_LONGER_NEEDED,RECEIVED,2024-11-26 18:34:27,1739.3
RET00000867,ITEM00028479,WRONG_ITEM,RECEIVED,2021-11-11 03:50:08,2008.71
RET00000868,ITEM00028509,NO_LONGER_NEEDED,REQUESTED,2021-06-08 19:48:48,69931.31
RET00000869,ITEM00028521,NO_LONGER_NEEDED,PICKED_UP,2020-03-26 03:42:01,9241.64
RET00000870,ITEM00028593,NO_LONGER_NEEDED,RECEIVED,2025-03-05 18:14:00,8420.08
RET00000871,ITEM00028614,DAMAGED,REFUNDED,2022-05-25 08:03:18,319.05
RET00000872,ITEM00028616,WRONG_ITEM,RECEIVED,2022-06-07 09:03:18,457.64
RET00000873,ITEM00028639,DAMAGED,REJECTED,2023-02-24 15:53:11,7377.87
RET00000874,ITEM00028671,LATE_DELIVERY,RECEIVED,2024-07-19 00:25:01,488.57
RET00000875,ITEM00028678,NO_LONGER_NEEDED,REQUESTED,2023-03-29 02:24:43,9035.95
RET00000876,ITEM00028722,NO_LONGER_NEEDED,REQUESTED,2024-01-18 02:35:53,117268.1
RET00000877,ITEM00028748,DAMAGED,REFUNDED,2025-03-21 22:01:34,56422.26
RET00000878,ITEM00028749,WRONG_ITEM,PICKED_UP,2025-11-24 18:09:10,2641.97
RET00000879,ITEM00028750,DEFECTIVE,REFUNDED,2022-01-10 14:32:45,8529.1
RET00000880,ITEM00028751,NO_LONGER_NEEDED,REFUNDED,2025-04-27 02:42:48,302.11
RET00000881,ITEM00028758,WRONG_ITEM,PICKED_UP,2025-06-30 20:50:58,6541.57
RET00000882,ITEM00028766,WRONG_ITEM,REFUNDED,2020-04-29 12:32:58,8241.62
RET00000883,ITEM00028792,SIZE_FIT,REFUNDED,2024-08-04 03:50:08,8259.93
RET00000884,ITEM00028845,DAMAGED,REFUNDED,2021-09-06 06:46:34,5760.74
RET00000885,ITEM00028918,SIZE_FIT,REFUNDED,2020-03-05 03:02:23,253.66
RET00000886,ITEM00028992,DAMAGED,REQUESTED,2023-01-04 10:59:18,20973.05
RET00000887,ITEM00029041,NO_LONGER_NEEDED,REQUESTED,2023-07-04 10:52:06,267.16
RET00000888,ITEM00029068,SIZE_FIT,PICKED_UP,2025-09-14 12:25:20,5185.13
RET00000889,ITEM00029092,DEFECTIVE,REJECTED,2021-02-10 13:53:12,169.34
RET00000890,ITEM00029108,WRONG_ITEM,REQUESTED,2020-08-20 07:08:13,177.2
RET00000891,ITEM00029127,NO_LONGER_NEEDED,REQUESTED,2024-06-08 02:49:34,360.35
RET00000892,ITEM00029169,SIZE_FIT,REJECTED,2021-12-25 06:52:57,694.62
RET00000893,ITEM00029177,DEFECTIVE,PICKED_UP,2021-07-15 08:13:03,209.19
RET00000894,ITEM00029183,LATE_DELIVERY,REQUESTED,2022-05-12 15:20:17,1132.75
RET00000895,ITEM00029213,NO_LONGER_NEEDED,REQUESTED,2021-10-03 12:02:29,75013.8
RET00000896,ITEM00029219,NO_LONGER_NEEDED,PICKED_UP,2022-08-22 02:08:31,9197.91
RET00000897,ITEM00029252,NO_LONGER_NEEDED,PICKED_UP,2024-06-17 19:06:59,9474.98
RET00000898,ITEM00029263,DEFECTIVE,PICKED_UP,2023-03-09 13:53:18,7776.28
RET00000899,ITEM00029278,DAMAGED,RECEIVED,2021-07-11 12:17:20,302.95
RET00000900,ITEM00029307,NO_LONGER_NEEDED,REFUNDED,2020-05-25 09:06:16,87051.9
RET00000901,ITEM00029308,SIZE_FIT,REJECTED,2020-05-28 20:06:16,352.86
RET00000902,ITEM00029310,DAMAGED,PICKED_UP,2020-05-31 02:06:16,340.3
RET00000903,ITEM00029322,SIZE_FIT,PICKED_UP,2020-12-11 03:16:23,8746.46
RET00000904,ITEM00029339,SIZE_FIT,PICKED_UP,2020-01-23 19:50:34,24008.65
RET00000905,ITEM00029392,WRONG_ITEM,REQUESTED,2022-03-08 13:34:50,427.17
RET00000906,ITEM00029405,LATE_DELIVERY,REFUNDED,2022-05-06 17:06:27,8627.49
RET00000907,ITEM00029407,NO_LONGER_NEEDED,RECEIVED,2022-05-14 23:06:27,214.2
RET00000908,ITEM00029411,LATE_DELIVERY,RECEIVED,2021-04-05 20:35:26,1644.93
RET00000909,ITEM00029430,WRONG_ITEM,REFUNDED,2025-10-06 04:56:41,5499.78
RET00000910,ITEM00029432,SIZE_FIT,REFUNDED,2025-10-05 14:56:41,7603.85
RET00000911,ITEM00029478,NO_LONGER_NEEDED,REQUESTED,2021-02-23 09:18:42,311.9
RET00000912,ITEM00029489,SIZE_FIT,REJECTED,2024-10-03 19:14:06,9904.86
RET00000913,ITEM00029496,NO_LONGER_NEEDED,PICKED_UP,2020-12-31 18:56:10,1487.25
RET00000914,ITEM00029502,DAMAGED,RECEIVED,2024-11-14 01:39:24,136.39
RET00000915,ITEM00029515,DAMAGED,REQUESTED,2020-08-23 20:10:54,254.86
RET00000916,ITEM00029536,WRONG_ITEM,REQUESTED,2025-02-22 14:02:15,4156.98
RET00000917,ITEM00029618,LATE_DELIVERY,REFUNDED,2025-05-17 01:31:22,1075.92
RET00000918,ITEM00029637,NO_LONGER_NEEDED,RECEIVED,2022-09-13 03:27:39,474.93
RET00000919,ITEM00029665,DAMAGED,REQUESTED,2021-09-18 17:38:46,434.74
RET00000920,ITEM00029671,WRONG_ITEM,REJECTED,2024-08-14 16:20:02,7557.5
RET00000921,ITEM00029677,NO_LONGER_NEEDED,REFUNDED,2024-07-19 22:06:17,2070.95
RET00000922,ITEM00029693,NO_LONGER_NEEDED,REFUNDED,2020-02-05 01:54:25,16075.97
RET00000923,ITEM00029715,NO_LONGER_NEEDED,REQUESTED,2022-12-18 01:54:55,241.92
RET00000924,ITEM00029738,DEFECTIVE,PICKED_UP,2023-02-20 04:25:22,654.94
RET00000925,ITEM00029748,LATE_DELIVERY,REFUNDED,2020-01-15 12:53:50,930.61
RET00000926,ITEM00029770,WRONG_ITEM,RECEIVED,2024-07-25 04:18:40,457.26
RET00000927,ITEM00029782,DAMAGED,REFUNDED,2024-01-28 16:00:34,739.8
RET00000928,ITEM00029830,WRONG_ITEM,PICKED_UP,2025-10-02 19:07:49,4892.22
RET00000929,ITEM00029856,DEFECTIVE,REFUNDED,2020-05-16 12:16:13,8933.6
RET00000930,ITEM00029861,NO_LONGER_NEEDED,REFUNDED,2022-07-14 06:40:20,690.25
RET00000931,ITEM00029874,LATE_DELIVERY,REQUESTED,2021-06-13 06:26:49,270.7
RET00000932,ITEM00029920,NO_LONGER_NEEDED,PICKED_UP,2025-04-02 02:26:24,650.63
RET00000933,ITEM00029943,SIZE_FIT,REQUESTED,2021-05-16 20:32:18,265.26
RET00000934,ITEM00029948,SIZE_FIT,PICKED_UP,2020-12-14 08:52:11,191.9
RET00000935,ITEM00029993,SIZE_FIT,REJECTED,2025-10-28 05:16:46,676.51
RET00000936,ITEM00030028,WRONG_ITEM,RECEIVED,2020-03-11 09:01:17,1283.97
RET00000937,ITEM00030087,DAMAGED,RECEIVED,2024-11-29 04:19:59,320.95
RET00000938,ITEM00030128,DAMAGED,REFUNDED,2024-07-12 21:51:57,485.98
RET00000939,ITEM00030145,NO_LONGER_NEEDED,REFUNDED,2023-03-22 16:32:17,1459.67
RET00000940,ITEM00030149,NO_LONGER_NEEDED,RECEIVED,2023-10-25 22:53:56,482.89
RET00000941,ITEM00030189,DAMAGED,PICKED_UP,2020-07-10 14:30:53,7408.7
RET00000942,ITEM00030208,SIZE_FIT,PICKED_UP,2022-05-10 01:41:25,1069.71
RET00000943,ITEM00030212,DAMAGED,PICKED_UP,2021-11-13 03:19:59,1135.77
RET00000944,ITEM00030260,LATE_DELIVERY,PICKED_UP,2025-01-11 11:40:00,2280.54
RET00000945,ITEM00030295,NO_LONGER_NEEDED,REFUNDED,2025-12-26 01:11:59,8444.92
RET00000946,ITEM00030310,DAMAGED,RECEIVED,2021-02-05 18:38:18,7906.2
RET00000947,ITEM00030331,SIZE_FIT,REFUNDED,2024-01-29 18:03:56,1265.66
RET00000948,ITEM00030344,NO_LONGER_NEEDED,RECEIVED,2024-06-21 03:28:56,9628.01
RET00000949,ITEM00030351,DEFECTIVE,REQUESTED,2025-04-17 12:38:48,57529.4
RET00000950,ITEM00030352,NO_LONGER_NEEDED,PICKED_UP,2020-11-16 13:28:03,21228.59
RET00000951,ITEM00030420,WRONG_ITEM,RECEIVED,2024-03-31 17:50:59,14631.15
RET00000952,ITEM00030431,SIZE_FIT,REFUNDED,2025-01-29 07:29:17,164360.93
RET00000953,ITEM00030498,NO_LONGER_NEEDED,RECEIVED,2023-02-16 07:56:49,185.02
RET00000954,ITEM00030529,SIZE_FIT,PICKED_UP,2023-05-12 20:25:41,546.68
RET00000955,ITEM00030590,LATE_DELIVERY,REQUESTED,2025-10-17 03:18:10,7489.9
RET00000956,ITEM00030612,NO_LONGER_NEEDED,REFUNDED,2024-12-16 00:17:04,729.67
RET00000957,ITEM00030618,NO_LONGER_NEEDED,REQUESTED,2022-07-27 19:55:03,56836.5
RET00000958,ITEM00030637,LATE_DELIVERY,REQUESTED,2020-05-08 23:58:05,1564.84
RET00000959,ITEM00030744,WRONG_ITEM,RECEIVED,2024-12-13 20:08:35,1483.8
RET00000960,ITEM00030764,DEFECTIVE,REFUNDED,2020-03-04 22:55:20,1504.46
RET00000961,ITEM00030776,NO_LONGER_NEEDED,REFUNDED,2022-08-24 22:26:15,41573.18
RET00000962,ITEM00030780,SIZE_FIT,PICKED_UP,2025-02-07 15:20:41,331.85
RET00000963,ITEM00030808,WRONG_ITEM,REFUNDED,2024-03-04 09:49:22,12301.06
RET00000964,ITEM00030829,DAMAGED,REQUESTED,2022-11-08 15:54:51,1492.53
RET00000965,ITEM00030845,SIZE_FIT,REQUESTED,2023-12-21 14:17:16,7063.47
RET00000966,ITEM00030847,NO_LONGER_NEEDED,REFUNDED,2023-05-30 09:40:39,114361.68
RET00000967,ITEM00030848,DAMAGED,REJECTED,2023-05-27 21:40:39,1319.66
RET00000968,ITEM00030907,LATE_DELIVERY,REQUESTED,2021-09-16 23:30:27,708.66
RET00000969,ITEM00030938,NO_LONGER_NEEDED,REQUESTED,2023-02-04 09:13:33,447.35
RET00000970,ITEM00030957,SIZE_FIT,REQUESTED,2022-06-27 04:51:08,551.98
RET00000971,ITEM00030962,NO_LONGER_NEEDED,REJECTED,2020-02-23 22:24:40,17185.55
RET00000972,ITEM00030978,NO_LONGER_NEEDED,PICKED_UP,2024-04-21 16:25:28,266.92
RET00000973,ITEM00031079,SIZE_FIT,REQUESTED,2021-04-17 17:03:06,6537.32
RET00000974,ITEM00031108,LATE_DELIVERY,REFUNDED,2025-09-25 16:35:09,66361.02
RET00000975,ITEM00031175,DAMAGED,REQUESTED,2025-08-15 02:51:40,1798.57
RET00000976,ITEM00031180,DAMAGED,REFUNDED,2025-07-26 07:15:31,38406.27
RET00000977,ITEM00031219,DAMAGED,PICKED_UP,2025-06-20 17:57:59,14811.13
RET00000978,ITEM00031260,NO_LONGER_NEEDED,RECEIVED,2024-10-15 07:51:48,376.9
RET00000979,ITEM00031356,DAMAGED,REFUNDED,2021-02-19 05:52:27,295.8
RET00000980,ITEM00031374,DEFECTIVE,PICKED_UP,2020-03-16 19:37:46,214.43
RET00000981,ITEM00031411,WRONG_ITEM,PICKED_UP,2025-04-09 17:49:54,32608.66
RET00000982,ITEM00031417,NO_LONGER_NEEDED,RECEIVED,2023-06-02 06:02:14,475.38
RET00000983,ITEM00031418,DEFECTIVE,REQUESTED,2023-06-01 23:02:14,178.81
RET00000984,ITEM00031427,LATE_DELIVERY,REQUESTED,2024-11-19 18:50:26,558.79
RET00000985,ITEM00031467,DAMAGED,REFUNDED,2023-03-30 09:25:27,88467.14
RET00000986,ITEM00031480,NO_LONGER_NEEDED,REFUNDED,2024-07-15 00:06:35,1856.83
RET00000987,ITEM00031556,NO_LONGER_NEEDED,REFUNDED,2021-05-11 05:45:05,26581.17
RET00000988,ITEM00031590,DAMAGED,RECEIVED,2020-10-07 13:10:12,14955.84
RET00000989,ITEM00031599,NO_LONGER_NEEDED,REFUNDED,2020-05-31 13:03:30,5845.37
RET00000990,ITEM00031655,NO_LONGER_NEEDED,PICKED_UP,2020-07-29 05:44:23,383.17
RET00000991,ITEM00031660,SIZE_FIT,REFUNDED,2024-11-12 06:27:56,2713.69
RET00000992,ITEM00031706,DEFECTIVE,RECEIVED,2025-03-11 02:36:48,23930.35
RET00000993,ITEM00031776,WRONG_ITEM,RECEIVED,2025-11-09 16:12:42,1412.39
RET00000994,ITEM00031781,NO_LONGER_NEEDED,REQUESTED,2024-09-23 05:36:37,17059.82
RET00000995,ITEM00031786,NO_LONGER_NEEDED,PICKED_UP,2021-08-28 07:31:32,9820.94
RET00000996,ITEM00031802,SIZE_FIT,RECEIVED,2024-01-02 03:05:40,1735.57
RET00000997,ITEM00031847,NO_LONGER_NEEDED,PICKED_UP,2025-09-02 06:59:21,12987.97
RET00000998,ITEM00031851,DAMAGED,REQUESTED,2021-07-04 02:22:28,1057.7
