seller_id,seller_name,seller_type_code,seller_rating,seller_region_code,updated_at
SELL00000001,FashionFactory 1,MARKETPLACE,4.5,NORTH,2025-04-11 09:00:00
SELL00000002,TechBazaar 2,SMALL_BIZ,3.5,NORTH,2025-10-26 09:00:00
SELL00000003,ShreeTraders 3,MARKETPLACE,4.0,NORTH,2025-08-31 09:00:00
SELL00000004,DailyNeeds 4,MARKETPLACE,5.0,NORTH,2025-08-28 09:00:00
SELL00000005,FitNation 5,MARKETPLACE,4.5,SOUTH,2025-08-26 09:00:00
SELL00000006,FashionFactory 6,MARKETPLACE,4.0,CENTRAL,2025-09-16 09:00:00
SELL00000007,FitNation 7,MARKETPLACE,3.5,WEST,2025-02-10 09:00:00
SELL00000008,ShreeTraders 8,MARKETPLACE,3.5,WEST,2025-12-28 09:00:00
SELL00000009,ValueHub 9,MARKETPLACE,3.5,NORTH,2025-02-08 09:00:00
SELL00000010,GadgetGalaxy 10,MARKETPLACE,4.0,SOUTH,2026-01-06 09:00:00
SELL00000011,BookWagon 11,SMALL_BIZ,4.0,WEST,2025-03-05 09:00:00
SELL00000012,PrimeSellers 12,MARKETPLACE,3.5,EAST,2025-03-05 09:00:00
SELL00000013,UrbanKart 13,MARKETPLACE,4.0,NORTH,2025-02-20 09:00:00
SELL00000014,FitNation 14,SMALL_BIZ,4.0,NORTH,2025-02-13 09:00:00
SELL00000015,PrimeSellers 15,MARKETPLACE,3.5,WEST,2025-03-28 09:00:00
SELL00000016,ValueHub 16,MARKETPLACE,3.5,SOUTH,2025-05-29 09:00:00
SELL00000017,UrbanKart 17,SMALL_BIZ,4.0,SOUTH,2025-05-26 09:00:00
SELL00000018,FitNation 18,BRAND,4.0,EAST,2025-06-21 09:00:00
SELL00000019,StyleStreet 19,MARKETPLACE,4.5,SOUTH,2025-04-30 09:00:00
SELL00000020,FashionFactory 20,MARKETPLACE,4.0,NORTH,2025-05-20 09:00:00
SELL00000021,BookWagon 21,BRAND,3.5,CENTRAL,2025-02-25 09:00:00
SELL00000022,MetroMart 22,MARKETPLACE,5.0,SOUTH,2025-06-02 09:00:00
SELL00000023,ApplianceWorld 23,SMALL_BIZ,4.0,NORTH,2025-02-10 09:00:00
SELL00000024,PrimeSellers 24,MARKETPLACE,4.5,NORTH,2025-11-27 09:00:00
SELL00000025,PrimeSellers 25,MARKETPLACE,3.5,EAST,2025-05-08 09:00:00
SELL00000026,FashionFactory 26,MARKETPLACE,3.5,EAST,2025-03-30 09:00:00
SELL00000027,FashionFactory 27,SMALL_BIZ,5.0,NORTH,2025-03-21 09:00:00
SELL00000028,CityMart 28,MARKETPLACE,4.5,WEST,2025-05-02 09:00:00
SELL00000029,IndiaStore 29,SMALL_BIZ,2.5,NORTH,2025-03-14 09:00:00
SELL00000030,QuickCart 30,BRAND,3.5,CENTRAL,2025-10-19 09:00:00
SELL00000031,HomeEssentials 31,MARKETPLACE,4.0,NORTH,2025-10-28 09:00:00
SELL00000032,MetroMart 32,MARKETPLACE,4.0,EAST,2025-07-10 09:00:00
SELL00000033,GadgetGalaxy 33,SMALL_BIZ,4.5,WEST,2025-10-16 09:00:00
SELL00000034,ApplianceWorld 34,SMALL_BIZ,3.5,NORTH,2025-05-17 09:00:00
SELL00000035,CloudRetail 35,SMALL_BIZ,4.5,SOUTH,2025-05-05 09:00:00
SELL00000036,FashionFactory 36,MARKETPLACE,4.5,NORTH,2025-03-14 09:00:00
SELL00000037,HomeEssentials 37,MARKETPLACE,4.5,NE,2025-10-17 09:00:00
SELL00000038,TechBazaar 38,SMALL_BIZ,4.5,NORTH,2025-07-18 09:00:00
SELL00000039,StyleStreet 39,MARKETPLACE,4.0,NORTH,2025-02-26 09:00:00
SELL00000040,DailyNeeds 40,MARKETPLACE,5.0,EAST,2025-04-11 09:00:00
SELL00000041,GadgetGalaxy 41,SMALL_BIZ,3.5,NORTH,2025-07-14 09:00:00
SELL00000042,CloudRetail 42,SMALL_BIZ,4.0,NORTH,2025-11-28 09:00:00
SELL00000043,ApplianceWorld 43,MARKETPLACE,3.5,EAST,2025-12-03 09:00:00
SELL00000044,ShreeTraders 44,MARKETPLACE,5.0,CENTRAL,2025-09-06 09:00:00
SELL00000045,MegaDeals 45,BRAND,4.5,SOUTH,2025-06-27 09:00:00
SELL00000046,TechBazaar 46,MARKETPLACE,3.5,EAST,2025-12-04 09:00:00
SELL00000047,GadgetGalaxy 47,MARKETPLACE,3.0,EAST,2025-12-09 09:00:00
SELL00000048,ShreeTraders 48,SMALL_BIZ,4.0,WEST,2025-02-12 09:00:00
SELL00000049,ShreeTraders 49,MARKETPLACE,4.0,EAST,2025-05-22 09:00:00
SELL00000050,CloudRetail 50,MARKETPLACE,3.0,SOUTH,2026-01-11 09:00:00
SELL00000051,DailyNeeds 51,MARKETPLACE,4.0,WEST,2025-07-30 09:00:00
SELL00000052,UrbanKart 52,MARKETPLACE,5.0,WEST,2025-09-19 09:00:00
SELL00000053,BookWagon 53,MARKETPLACE,3.5,WEST,2025-08-24 09:00:00
SELL00000054,HomeEssentials 54,BRAND,4.0,NORTH,2025-09-01 09:00:00
SELL00000055,FashionFactory 55,MARKETPLACE,4.0,CENTRAL,2025-05-19 09:00:00
SELL00000056,MetroMart 56,BRAND,5.0,EAST,2025-07-09 09:00:00
SELL00000057,ApplianceWorld 57,MARKETPLACE,5.0,CENTRAL,2025-11-05 09:00:00
SELL00000058,MegaDeals 58,MARKETPLACE,4.0,WEST,2025-02-10 09:00:00
SELL00000059,CloudRetail 59,MARKETPLACE,4.0,NORTH,2026-02-01 09:00:00
SELL00000060,QuickCart 60,MARKETPLACE,3.0,WEST,2025-04-12 09:00:00
SELL00000061,CloudRetail 61,SMALL_BIZ,4.0,NORTH,2025-09-21 09:00:00
SELL00000062,DailyNeeds 62,MARKETPLACE,4.0,NORTH,2026-01-29 09:00:00
SELL00000063,MetroMart 63,MARKETPLACE,3.5,EAST,2025-02-17 09:00:00
SELL00000064,BookWagon 64,MARKETPLACE,5.0,EAST,2025-05-21 09:00:00
SELL00000065,QuickCart 65,MARKETPLACE,4.0,WEST,2025-02-05 09:00:00
SELL00000066,StyleStreet 66,MARKETPLACE,4.0,SOUTH,2025-12-11 09:00:00
SELL00000067,FashionFactory 67,MARKETPLACE,5.0,EAST,2025-06-25 09:00:00
SELL00000068,ValueHub 68,MARKETPLACE,3.0,WEST,2025-11-19 09:00:00
SELL00000069,FashionFactory 69,MARKETPLACE,4.0,EAST,2025-04-12 09:00:00
SELL00000070,CloudRetail 70,MARKETPLACE,4.0,EAST,2025-04-07 09:00:00
SELL00000071,FashionFactory 71,SMALL_BIZ,4.0,EAST,2026-01-27 09:00:00
SELL00000072,MegaDeals 72,MARKETPLACE,5.0,WEST,2025-12-18 09:00:00
SELL00000073,CloudRetail 73,SMALL_BIZ,3.5,NORTH,2025-03-09 09:00:00
SELL00000074,CloudRetail 74,BRAND,5.0,NORTH,2025-10-04 09:00:00
SELL00000075,CityMart 75,MARKETPLACE,3.5,WEST,2025-09-03 09:00:00
SELL00000076,DailyNeeds 76,MARKETPLACE,4.0,SOUTH,2025-04-07 09:00:00
SELL00000077,PrimeSellers 77,MARKETPLACE,3.5,NORTH,2025-02-05 09:00:00
SELL00000078,GadgetGalaxy 78,MARKETPLACE,3.5,WEST,2025-07-20 09:00:00
SELL00000079,FashionFactory 79,BRAND,4.0,NE,2026-02-02 09:00:00
SELL00000080,QuickCart 80,MARKETPLACE,4.0,NORTH,2025-10-17 09:00:00
SELL00000081,DailyNeeds 81,BRAND,4.5,CENTRAL,2025-08-28 09:00:00
SELL00000082,FitNation 82,MARKETPLACE,4.0,SOUTH,2025-09-21 09:00:00
SELL00000083,ValueHub 83,BRAND,4.0,EAST,2025-07-20 09:00:00
SELL00000084,MegaDeals 84,MARKETPLACE,4.0,SOUTH,2025-07-19 09:00:00
SELL00000085,CityMart 85,BRAND,5.0,NORTH,2026-01-31 09:00:00
SELL00000086,StyleStreet 86,SMALL_BIZ,4.5,SOUTH,2025-07-01 09:00:00
SELL00000087,UrbanKart 87,MARKETPLACE,4.5,SOUTH,2026-01-15 09:00:00
SELL00000088,FitNation 88,SMALL_BIZ,3.0,NORTH,2025-08-10 09:00:00
SELL00000089,HomeEssentials 89,MARKETPLACE,3.5,EAST,2025-02-14 09:00:00
SELL00000090,TechBazaar 90,MARKETPLACE,4.5,NORTH,2025-03-09 09:00:00
SELL00000091,BookWagon 91,MARKETPLACE,3.0,SOUTH,2025-12-11 09:00:00
SELL00000092,GadgetGalaxy 92,SMALL_BIZ,4.0,EAST,2025-11-19 09:00:00
SELL00000093,CloudRetail 93,MARKETPLACE,4.5,SOUTH,2025-08-08 09:00:00
SELL00000094,DailyNeeds 94,MARKETPLACE,4.0,EAST,2025-02-24 09:00:00
SELL00000095,TechBazaar 95,MARKETPLACE,3.5,WEST,2025-08-22 09:00:00
SELL00000096,IndiaStore 96,BRAND,4.5,NORTH,2025-04-14 09:00:00
SELL00000097,GadgetGalaxy 97,SMALL_BIZ,4.5,WEST,2025-07-14 09:00:00
SELL00000098,ShreeTraders 98,MARKETPLACE,4.0,WEST,2025-09-22 09:00:00
SELL00000099,PrimeSellers 99,SMALL_BIZ,4.0,WEST,2025-05-31 09:00:00
SELL00000100,ApplianceWorld 100,SMALL_BIZ,4.0,SOUTH,2025-12-10 09:00:00
SELL00000101,GadgetGalaxy 101,SMALL_BIZ,4.0,WEST,2025-10-21 09:00:00
SELL00000102,GadgetGalaxy 102,MARKETPLACE,5.0,SOUTH,2025-02-20 09:00:00
SELL00000103,ApplianceWorld 103,MARKETPLACE,4.0,SOUTH,2025-04-28 09:00:00
SELL00000104,StyleStreet 104,MARKETPLACE,5.0,NORTH,2025-11-27 09:00:00
SELL00000105,TechBazaar 105,SMALL_BIZ,4.0,SOUTH,2025-02-21 09:00:00
SELL00000106,FashionFactory 106,SMALL_BIZ,4.5,EAST,2025-12-26 09:00:00
SELL00000107,BookWagon 107,MARKETPLACE,4.0,WEST,2026-01-09 09:00:00
SELL00000108,FashionFactory 108,MARKETPLACE,3.5,SOUTH,2025-10-24 09:00:00
SELL00000109,PrimeSellers 109,SMALL_BIZ,4.5,NORTH,2025-06-09 09:00:00
SELL00000110,ApplianceWorld 110,BRAND,5.0,SOUTH,2025-11-04 09:00:00
SELL00000111,FitNation 111,MARKETPLACE,4.0,WEST,2025-09-18 09:00:00
SELL00000112,ApplianceWorld 112,MARKETPLACE,4.0,SOUTH,2025-09-06 09:00:00
SELL00000113,GadgetGalaxy 113,MARKETPLACE,5.0,SOUTH,2025-08-22 09:00:00
SELL00000114,TechBazaar 114,BRAND,3.5,NORTH,2025-04-20 09:00:00
SELL00000115,MetroMart 115,SMALL_BIZ,4.5,NORTH,2025-09-13 09:00:00
SELL00000116,ValueHub 116,MARKETPLACE,3.5,NORTH,2025-08-27 09:00:00
SELL00000117,StyleStreet 117,MARKETPLACE,4.0,NORTH,2025-10-09 09:00:00
SELL00000118,FitNation 118,BRAND,4.5,EAST,2025-06-03 09:00:00
SELL00000119,HomeEssentials 119,BRAND,5.0,SOUTH,2025-03-21 09:00:00
SELL00000120,MegaDeals 120,SMALL_BIZ,4.0,SOUTH,2025-07-09 09:00:00
SELL00000121,TechBazaar 121,MARKETPLACE,4.0,SOUTH,2025-09-15 09:00:00
SELL00000122,QuickCart 122,MARKETPLACE,4.0,EAST,2025-08-04 09:00:00
SELL00000123,HomeEssentials 123,MARKETPLACE,3.5,EAST,2025-07-10 09:00:00
SELL00000124,DailyNeeds 124,MARKETPLACE,4.0,SOUTH,2025-12-21 09:00:00
SELL00000125,FashionFactory 125,MARKETPLACE,4.5,NE,2025-10-02 09:00:00
SELL00000126,StyleStreet 126,MARKETPLACE,3.5,SOUTH,2026-02-01 09:00:00
SELL00000127,BookWagon 127,MARKETPLACE,5.0,SOUTH,2025-12-27 09:00:00
SELL00000128,StyleStreet 128,BRAND,3.0,SOUTH,2025-02-20 09:00:00
SELL00000129,CloudRetail 129,BRAND,3.5,SOUTH,2025-04-24 09:00:00
SELL00000130,FashionFactory 130,SMALL_BIZ,4.0,EAST,2025-04-15 09:00:00
SELL00000131,HomeEssentials 131,BRAND,3.5,NORTH,2025-12-26 09:00:00
SELL00000132,FashionFactory 132,SMALL_BIZ,4.0,SOUTH,2025-11-22 09:00:00
SELL00000133,IndiaStore 133,MARKETPLACE,4.5,WEST,2025-12-16 09:00:00
SELL00000134,GadgetGalaxy 134,SMALL_BIZ,4.0,SOUTH,2025-07-12 09:00:00
SELL00000135,DailyNeeds 135,BRAND,4.0,WEST,2025-04-20 09:00:00
SELL00000136,GadgetGalaxy 136,MARKETPLACE,4.0,SOUTH,2026-01-08 09:00:00
SELL00000137,StyleStreet 137,MARKETPLACE,3.5,SOUTH,2025-07-29 09:00:00
SELL00000138,IndiaStore 138,MARKETPLACE,4.5,WEST,2026-01-18 09:00:00
SELL00000139,QuickCart 139,MARKETPLACE,4.0,WEST,2025-03-22 09:00:00
SELL00000140,MegaDeals 140,BRAND,4.0,NE,2025-05-26 09:00:00
SELL00000141,ValueHub 141,MARKETPLACE,4.5,EAST,2026-01-30 09:00:00
SELL00000142,HomeEssentials 142,MARKETPLACE,4.0,WEST,2025-02-20 09:00:00
SELL00000143,QuickCart 143,BRAND,4.0,WEST,2025-11-05 09:00:00
SELL00000144,HomeEssentials 144,BRAND,5.0,WEST,2025-09-17 09:00:00
SELL00000145,ShreeTraders 145,SMALL_BIZ,4.5,SOUTH,2025-09-05 09:00:00
SELL00000146,CityMart 146,MARKETPLACE,4.0,SOUTH,2025-04-18 09:00:00
SELL00000147,CityMart 147,MARKETPLACE,4.0,SOUTH,2025-11-06 09:00:00
SELL00000148,HomeEssentials 148,SMALL_BIZ,5.0,EAST,2025-12-16 09:00:00
SELL00000149,MetroMart 149,MARKETPLACE,4.5,NORTH,2025-10-11 09:00:00
SELL00000150,ApplianceWorld 150,BRAND,4.5,NORTH,2025-07-26 09:00:00
SELL00000151,HomeEssentials 151,MARKETPLACE,4.0,EAST,2025-10-10 09:00:00
SELL00000152,HomeEssentials 152,MARKETPLACE,4.0,SOUTH,2025-09-18 09:00:00
SELL00000153,HomeEssentials 153,MARKETPLACE,4.5,SOUTH,2026-01-21 09:00:00
SELL00000154,ApplianceWorld 154,MARKETPLACE,4.5,WEST,2025-08-02 09:00:00
SELL00000155,TechBazaar 155,SMALL_BIZ,3.0,SOUTH,2025-12-19 09:00:00
SELL00000156,PrimeSellers 156,SMALL_BIZ,5.0,WEST,2025-02-10 09:00:00
SELL00000157,IndiaStore 157,MARKETPLACE,3.5,SOUTH,2025-06-14 09:00:00
SELL00000158,UrbanKart 158,SMALL_BIZ,5.0,SOUTH,2025-05-24 09:00:00
SELL00000159,ShreeTraders 159,MARKETPLACE,5.0,EAST,2025-04-26 09:00:00
SELL00000160,CloudRetail 160,BRAND,4.5,NORTH,2025-03-08 09:00:00
SELL00000161,BookWagon 161,MARKETPLACE,4.5,NORTH,2026-01-28 09:00:00
SELL00000162,HomeEssentials 162,MARKETPLACE,3.0,EAST,2025-08-23 09:00:00
SELL00000163,CloudRetail 163,MARKETPLACE,4.5,NORTH,2025-02-15 09:00:00
SELL00000164,DailyNeeds 164,SMALL_BIZ,5.0,SOUTH,2025-05-23 09:00:00
SELL00000165,DailyNeeds 165,MARKETPLACE,4.5,EAST,2025-02-28 09:00:00
SELL00000166,IndiaStore 166,SMALL_BIZ,4.5,EAST,2025-08-21 09:00:00
SELL00000167,TechBazaar 167,MARKETPLACE,3.5,NORTH,2025-03-25 09:00:00
SELL00000168,UrbanKart 168,SMALL_BIZ,4.0,EAST,2025-09-15 09:00:00
SELL00000169,HomeEssentials 169,SMALL_BIZ,2.5,EAST,2025-02-04 09:00:00
SELL00000170,PrimeSellers 170,MARKETPLACE,4.0,CENTRAL,2025-09-13 09:00:00
SELL00000171,MegaDeals 171,SMALL_BIZ,3.0,NORTH,2025-12-14 09:00:00
SELL00000172,CloudRetail 172,SMALL_BIZ,4.0,NORTH,2025-06-17 09:00:00
SELL00000173,FitNation 173,SMALL_BIZ,4.5,NE,2025-11-24 09:00:00
SELL00000174,DailyNeeds 174,MARKETPLACE,4.5,NORTH,2025-05-24 09:00:00
SELL00000175,IndiaStore 175,MARKETPLACE,5.0,EAST,2026-01-11 09:00:00
SELL00000176,ApplianceWorld 176,MARKETPLACE,4.5,SOUTH,2026-01-23 09:00:00
SELL00000177,IndiaStore 177,BRAND,4.5,SOUTH,2025-10-16 09:00:00
SELL00000178,ApplianceWorld 178,MARKETPLACE,4.0,NORTH,2025-02-13 09:00:00
SELL00000179,FashionFactory 179,BRAND,3.5,WEST,2025-06-23 09:00:00
SELL00000180,FashionFactory 180,MARKETPLACE,4.0,WEST,2025-08-26 09:00:00
SELL00000181,ApplianceWorld 181,MARKETPLACE,3.0,SOUTH,2025-04-20 09:00:00
SELL00000182,GadgetGalaxy 182,MARKETPLACE,3.5,SOUTH,2025-08-10 09:00:00
SELL00000183,UrbanKart 183,MARKETPLACE,4.0,EAST,2025-06-07 09:00:00
SELL00000184,FashionFactory 184,MARKETPLACE,4.0,WEST,2025-12-20 09:00:00
SELL00000185,FitNation 185,MARKETPLACE,4.0,NORTH,2025-09-07 09:00:00
SELL00000186,DailyNeeds 186,BRAND,4.0,NORTH,2025-03-07 09:00:00
SELL00000187,MegaDeals 187,MARKETPLACE,4.0,EAST,2025-06-04 09:00:00
SELL00000188,ValueHub 188,BRAND,4.5,EAST,2025-08-03 09:00:00
SELL00000189,CloudRetail 189,BRAND,3.5,SOUTH,2025-08-27 09:00:00
SELL00000190,MegaDeals 190,MARKETPLACE,4.0,NORTH,2025-10-31 09:00:00
SELL00000191,CloudRetail 191,SMALL_BIZ,3.0,SOUTH,2026-01-14 09:00:00
SELL00000192,PrimeSellers 192,MARKETPLACE,3.5,SOUTH,2025-04-03 09:00:00
SELL00000193,GadgetGalaxy 193,SMALL_BIZ,3.5,WEST,2025-05-06 09:00:00
SELL00000194,GadgetGalaxy 194,SMALL_BIZ,4.0,WEST,2025-04-30 09:00:00
SELL00000195,ApplianceWorld 195,SMALL_BIZ,5.0,NORTH,2025-05-31 09:00:00
SELL00000196,TechBazaar 196,BRAND,4.5,EAST,2025-02-24 09:00:00
SELL00000197,CloudRetail 197,MARKETPLACE,2.5,NORTH,2025-08-27 09:00:00
SELL00000198,PrimeSellers 198,MARKETPLACE,4.0,NORTH,2025-04-30 09:00:00
SELL00000199,QuickCart 199,MARKETPLACE,4.0,SOUTH,2025-05-20 09:00:00
SELL00000200,QuickCart 200,SMALL_BIZ,4.5,SOUTH,2025-02-25 09:00:00
SELL00000201,StyleStreet 201,MARKETPLACE,3.5,CENTRAL,2025-03-17 09:00:00
SELL00000202,BookWagon 202,BRAND,4.0,NORTH,2025-05-26 09:00:00
SELL00000203,GadgetGalaxy 203,MARKETPLACE,5.0,SOUTH,2026-01-09 09:00:00
SELL00000204,DailyNeeds 204,SMALL_BIZ,5.0,WEST,2025-03-10 09:00:00
SELL00000205,IndiaStore 205,MARKETPLACE,4.5,EAST,2025-10-12 09:00:00
SELL00000206,MegaDeals 206,MARKETPLACE,5.0,NORTH,2025-08-11 09:00:00
SELL00000207,MetroMart 207,MARKETPLACE,2.5,NORTH,2025-03-03 09:00:00
SELL00000208,ValueHub 208,MARKETPLACE,4.5,SOUTH,2025-04-18 09:00:00
SELL00000209,DailyNeeds 209,MARKETPLACE,3.0,EAST,2025-12-11 09:00:00
SELL00000210,CloudRetail 210,SMALL_BIZ,4.5,WEST,2025-10-11 09:00:00
SELL00000211,GadgetGalaxy 211,SMALL_BIZ,3.5,NORTH,2025-04-04 09:00:00
SELL00000212,CityMart 212,BRAND,4.5,NORTH,2025-07-11 09:00:00
SELL00000213,ValueHub 213,SMALL_BIZ,4.5,CENTRAL,2026-01-19 09:00:00
SELL00000214,TechBazaar 214,MARKETPLACE,5.0,EAST,2025-07-22 09:00:00
SELL00000215,CityMart 215,MARKETPLACE,4.5,CENTRAL,2025-02-13 09:00:00
SELL00000216,UrbanKart 216,SMALL_BIZ,4.5,NORTH,2025-10-12 09:00:00
SELL00000217,GadgetGalaxy 217,MARKETPLACE,3.0,WEST,2025-03-08 09:00:00
SELL00000218,CityMart 218,MARKETPLACE,3.5,EAST,2025-04-29 09:00:00
SELL00000219,ShreeTraders 219,SMALL_BIZ,4.5,SOUTH,2025-06-19 09:00:00
SELL00000220,ValueHub 220,MARKETPLACE,3.5,EAST,2025-04-08 09:00:00
